gen_id,bucket,is_hex_bucket,file_count,total_size_bytes,total_size_gib,zero_byte_files,small_1kb_or_less,large_1mb_or_more,large_100mb_or_more,category_counts,magic_counts
0401_020720,00,True,26,481040,0.0004,0,13,0,0,"{""snapshot_file"": 26}","{""binary_or_unknown"": 25, ""json_like"": 1}"
0401_020720,01,True,36,1007792,0.0009,0,18,0,0,"{""snapshot_file"": 36}","{""binary_or_unknown"": 36}"
0401_020720,02,True,35,4152432,0.0039,0,19,1,0,"{""snapshot_file"": 35}","{""binary_or_unknown"": 35}"
0401_020720,03,True,25,1474320,0.0014,0,11,0,0,"{""snapshot_file"": 25}","{""binary_or_unknown"": 25}"
0401_020720,04,True,29,1586592,0.0015,0,14,0,0,"{""snapshot_file"": 29}","{""binary_or_unknown"": 29}"
0401_020720,05,True,30,14927536,0.0139,0,14,1,0,"{""snapshot_file"": 30}","{""binary_or_unknown"": 30}"
0401_020720,06,True,20,528144,0.0005,0,9,0,0,"{""snapshot_file"": 20}","{""binary_or_unknown"": 20}"
0401_020720,07,True,31,2871024,0.0027,0,12,1,0,"{""snapshot_file"": 31}","{""binary_or_unknown"": 31}"
0401_020720,08,True,29,319916016,0.2979,0,9,3,1,"{""snapshot_file"": 29}","{""binary_or_unknown"": 29}"
0401_020720,09,True,28,917568,0.0009,0,14,0,0,"{""snapshot_file"": 28}","{""binary_or_unknown"": 28}"
0401_020720,0a,True,33,1422272,0.0013,0,16,0,0,"{""snapshot_file"": 33}","{""binary_or_unknown"": 32, ""json_like"": 1}"
0401_020720,0b,True,27,2923488,0.0027,0,13,1,0,"{""snapshot_file"": 27}","{""binary_or_unknown"": 27}"
0401_020720,0c,True,16,7340512,0.0068,0,3,1,0,"{""snapshot_file"": 16}","{""binary_or_unknown"": 16}"
0401_020720,0d,True,29,2946784,0.0027,0,10,1,0,"{""snapshot_file"": 29}","{""binary_or_unknown"": 29}"
0401_020720,0e,True,27,1014656,0.0009,0,11,0,0,"{""snapshot_file"": 27}","{""binary_or_unknown"": 27}"
0401_020720,0f,True,24,776560,0.0007,0,7,0,0,"{""snapshot_file"": 24}","{""binary_or_unknown"": 24}"
0401_020720,10,True,36,4532048,0.0042,0,13,2,0,"{""snapshot_file"": 36}","{""binary_or_unknown"": 36}"
0401_020720,11,True,19,790528,0.0007,0,11,0,0,"{""snapshot_file"": 19}","{""binary_or_unknown"": 19}"
0401_020720,12,True,20,1681904,0.0016,0,7,1,0,"{""snapshot_file"": 20}","{""binary_or_unknown"": 19, ""json_like"": 1}"
0401_020720,13,True,21,5265648,0.0049,0,5,1,0,"{""snapshot_file"": 21}","{""binary_or_unknown"": 21}"
0401_020720,14,True,21,12769600,0.0119,0,7,1,0,"{""snapshot_file"": 21}","{""binary_or_unknown"": 21}"
0401_020720,15,True,22,2075072,0.0019,0,7,1,0,"{""snapshot_file"": 22}","{""binary_or_unknown"": 22}"
0401_020720,16,True,32,737680,0.0007,0,14,0,0,"{""snapshot_file"": 32}","{""binary_or_unknown"": 31, ""json_like"": 1}"
0401_020720,17,True,28,3158736,0.0029,0,11,1,0,"{""snapshot_file"": 28}","{""binary_or_unknown"": 28}"
0401_020720,18,True,29,4235216,0.0039,0,6,1,0,"{""snapshot_file"": 29}","{""binary_or_unknown"": 28, ""json_like"": 1}"
0401_020720,19,True,37,5714016,0.0053,0,17,3,0,"{""snapshot_file"": 37}","{""binary_or_unknown"": 37}"
0401_020720,1a,True,25,615920,0.0006,0,7,0,0,"{""snapshot_file"": 25}","{""binary_or_unknown"": 25}"
0401_020720,1b,True,28,485856,0.0005,0,14,0,0,"{""snapshot_file"": 28}","{""binary_or_unknown"": 28}"
0401_020720,1c,True,21,1439968,0.0013,0,10,0,0,"{""snapshot_file"": 21}","{""binary_or_unknown"": 21}"
0401_020720,1d,True,21,3107904,0.0029,0,7,1,0,"{""snapshot_file"": 21}","{""binary_or_unknown"": 21}"
0401_020720,1e,True,33,32253712,0.03,0,12,3,0,"{""snapshot_file"": 33}","{""binary_or_unknown"": 32, ""json_like"": 1}"
0401_020720,1f,True,26,572544,0.0005,0,13,0,0,"{""snapshot_file"": 26}","{""binary_or_unknown"": 26}"
0401_020720,20,True,32,3397024,0.0032,0,13,1,0,"{""snapshot_file"": 32}","{""binary_or_unknown"": 32}"
0401_020720,21,True,30,1289120,0.0012,0,12,0,0,"{""snapshot_file"": 30}","{""binary_or_unknown"": 30}"
0401_020720,22,True,23,3295008,0.0031,0,8,1,0,"{""snapshot_file"": 23}","{""binary_or_unknown"": 23}"
0401_020720,23,True,25,833264,0.0008,0,9,0,0,"{""snapshot_file"": 25}","{""binary_or_unknown"": 25}"
0401_020720,24,True,21,601696,0.0006,0,11,0,0,"{""snapshot_file"": 21}","{""binary_or_unknown"": 21}"
0401_020720,25,True,23,3440352,0.0032,0,10,1,0,"{""snapshot_file"": 23}","{""binary_or_unknown"": 23}"
0401_020720,26,True,32,753200,0.0007,0,14,0,0,"{""snapshot_file"": 32}","{""binary_or_unknown"": 32}"
0401_020720,27,True,29,4355152,0.0041,0,13,2,0,"{""snapshot_file"": 29}","{""binary_or_unknown"": 29}"
0401_020720,28,True,34,322557248,0.3004,0,12,1,1,"{""snapshot_file"": 34}","{""binary_or_unknown"": 33, ""json_like"": 1}"
0401_020720,29,True,39,4683600,0.0044,0,19,1,0,"{""snapshot_file"": 39}","{""binary_or_unknown"": 39}"
0401_020720,2a,True,33,5649632,0.0053,0,12,2,0,"{""snapshot_file"": 33}","{""binary_or_unknown"": 32, ""json_like"": 1}"
0401_020720,2b,True,25,3243776,0.003,0,10,2,0,"{""snapshot_file"": 25}","{""binary_or_unknown"": 25}"
0401_020720,2c,True,30,528211328,0.4919,0,17,3,1,"{""snapshot_file"": 30}","{""binary_or_unknown"": 30}"
0401_020720,2d,True,16,624670848,0.5818,0,5,3,2,"{""snapshot_file"": 16}","{""binary_or_unknown"": 15, ""json_like"": 1}"
0401_020720,2e,True,35,5593280,0.0052,0,14,1,0,"{""snapshot_file"": 35}","{""json_like"": 1, ""binary_or_unknown"": 34}"
0401_020720,2f,True,22,319928192,0.298,0,10,1,1,"{""snapshot_file"": 22}","{""binary_or_unknown"": 22}"
0401_020720,30,True,30,320204432,0.2982,0,10,1,1,"{""snapshot_file"": 30}","{""binary_or_unknown"": 30}"
0401_020720,31,True,31,320173360,0.2982,0,12,1,1,"{""snapshot_file"": 31}","{""binary_or_unknown"": 31}"
0401_020720,32,True,29,3867408,0.0036,0,10,2,0,"{""snapshot_file"": 29}","{""binary_or_unknown"": 29}"
0401_020720,33,True,22,623824,0.0006,0,11,0,0,"{""snapshot_file"": 22}","{""binary_or_unknown"": 22}"
0401_020720,34,True,24,2036512,0.0019,0,9,1,0,"{""snapshot_file"": 24}","{""binary_or_unknown"": 24}"
0401_020720,35,True,21,274752,0.0003,0,10,0,0,"{""snapshot_file"": 21}","{""binary_or_unknown"": 21}"
0401_020720,36,True,22,1943296,0.0018,0,4,0,0,"{""snapshot_file"": 22}","{""binary_or_unknown"": 22}"
0401_020720,37,True,30,1536576,0.0014,0,10,0,0,"{""snapshot_file"": 30}","{""binary_or_unknown"": 29, ""json_like"": 1}"
0401_020720,38,True,34,8356512,0.0078,0,16,3,0,"{""snapshot_file"": 34}","{""binary_or_unknown"": 34}"
0401_020720,39,True,23,3561840,0.0033,0,7,1,0,"{""snapshot_file"": 23}","{""binary_or_unknown"": 23}"
0401_020720,3a,True,32,3852544,0.0036,0,10,1,0,"{""snapshot_file"": 32}","{""binary_or_unknown"": 32}"
0401_020720,3b,True,24,6580832,0.0061,0,12,1,0,"{""snapshot_file"": 24}","{""binary_or_unknown"": 24}"
0401_020720,3c,True,36,1710800,0.0016,0,15,0,0,"{""snapshot_file"": 36}","{""binary_or_unknown"": 36}"
0401_020720,3d,True,27,328040896,0.3055,0,10,3,1,"{""snapshot_file"": 27}","{""binary_or_unknown"": 27}"
0401_020720,3e,True,31,2149952,0.002,0,13,1,0,"{""snapshot_file"": 31}","{""binary_or_unknown"": 30, ""json_like"": 1}"
0401_020720,3f,True,32,341407632,0.318,0,11,1,1,"{""snapshot_file"": 32}","{""binary_or_unknown"": 32}"
0401_020720,40,True,26,918016,0.0009,0,12,0,0,"{""snapshot_file"": 26}","{""binary_or_unknown"": 26}"
0401_020720,41,True,33,2080400,0.0019,0,13,1,0,"{""snapshot_file"": 33}","{""binary_or_unknown"": 33}"
0401_020720,42,True,28,1336944,0.0012,0,12,0,0,"{""snapshot_file"": 28}","{""binary_or_unknown"": 28}"
0401_020720,43,True,31,18913936,0.0176,0,15,4,0,"{""snapshot_file"": 31}","{""binary_or_unknown"": 30, ""json_like"": 1}"
0401_020720,44,True,27,13060992,0.0122,0,13,2,0,"{""snapshot_file"": 27}","{""binary_or_unknown"": 26, ""json_like"": 1}"
0401_020720,45,True,29,1107024,0.001,0,11,0,0,"{""snapshot_file"": 29}","{""binary_or_unknown"": 28, ""json_like"": 1}"
0401_020720,46,True,27,11814176,0.011,0,15,1,0,"{""snapshot_file"": 27}","{""binary_or_unknown"": 27}"
0401_020720,47,True,19,639979472,0.596,0,8,2,2,"{""snapshot_file"": 19}","{""binary_or_unknown"": 19}"
0401_020720,48,True,31,1183264,0.0011,0,8,0,0,"{""snapshot_file"": 31}","{""binary_or_unknown"": 30, ""json_like"": 1}"
0401_020720,49,True,29,291606320,0.2716,0,8,2,1,"{""snapshot_file"": 29}","{""binary_or_unknown"": 28, ""json_like"": 1}"
0401_020720,4a,True,22,11174640,0.0104,0,7,2,0,"{""snapshot_file"": 22}","{""binary_or_unknown"": 22}"
0401_020720,4b,True,26,11554848,0.0108,0,13,1,0,"{""snapshot_file"": 26}","{""binary_or_unknown"": 26}"
0401_020720,4c,True,36,17900912,0.0167,0,15,2,0,"{""snapshot_file"": 36}","{""binary_or_unknown"": 36}"
0401_020720,4d,True,35,3451120,0.0032,0,12,0,0,"{""snapshot_file"": 35}","{""binary_or_unknown"": 35}"
0401_020720,4e,True,28,642656,0.0006,0,13,0,0,"{""snapshot_file"": 28}","{""binary_or_unknown"": 28}"
0401_020720,4f,True,22,1616256,0.0015,0,10,1,0,"{""snapshot_file"": 22}","{""binary_or_unknown"": 21, ""json_like"": 1}"
0401_020720,50,True,22,2088608,0.0019,0,9,1,0,"{""snapshot_file"": 22}","{""binary_or_unknown"": 22}"
0401_020720,51,True,24,300483872,0.2798,0,11,1,1,"{""snapshot_file"": 24}","{""binary_or_unknown"": 24}"
0401_020720,52,True,27,2137536,0.002,0,13,1,0,"{""snapshot_file"": 27}","{""binary_or_unknown"": 27}"
0401_020720,53,True,29,12398192,0.0115,0,12,1,0,"{""snapshot_file"": 29}","{""binary_or_unknown"": 29}"
0401_020720,54,True,26,712080,0.0007,0,12,0,0,"{""snapshot_file"": 26}","{""binary_or_unknown"": 26}"
0401_020720,55,True,23,8619152,0.008,0,13,1,0,"{""snapshot_file"": 23}","{""binary_or_unknown"": 23}"
0401_020720,56,True,24,525425680,0.4893,0,7,1,1,"{""snapshot_file"": 24}","{""binary_or_unknown"": 24}"
0401_020720,57,True,29,2445872,0.0023,0,13,1,0,"{""snapshot_file"": 29}","{""binary_or_unknown"": 28, ""json_like"": 1}"
0401_020720,58,True,30,644352,0.0006,0,13,0,0,"{""snapshot_file"": 30}","{""binary_or_unknown"": 29, ""json_like"": 1}"
0401_020720,59,True,26,1981152,0.0018,0,9,1,0,"{""snapshot_file"": 26}","{""binary_or_unknown"": 26}"
0401_020720,5a,True,27,705184,0.0007,0,9,0,0,"{""snapshot_file"": 27}","{""binary_or_unknown"": 26, ""json_like"": 1}"
0401_020720,5b,True,19,4479200,0.0042,0,6,2,0,"{""snapshot_file"": 19}","{""binary_or_unknown"": 19}"
0401_020720,5c,True,27,1422016,0.0013,0,15,0,0,"{""snapshot_file"": 27}","{""binary_or_unknown"": 27}"
0401_020720,5d,True,30,1819472,0.0017,0,12,1,0,"{""snapshot_file"": 30}","{""binary_or_unknown"": 30}"
0401_020720,5e,True,26,1211264,0.0011,0,8,0,0,"{""snapshot_file"": 26}","{""binary_or_unknown"": 26}"
0401_020720,5f,True,24,300198768,0.2796,0,11,2,1,"{""snapshot_file"": 24}","{""binary_or_unknown"": 24}"
0401_020720,60,True,27,1588384,0.0015,0,8,0,0,"{""snapshot_file"": 27}","{""binary_or_unknown"": 27}"
0401_020720,61,True,28,599760,0.0006,0,15,0,0,"{""snapshot_file"": 28}","{""binary_or_unknown"": 28}"
0401_020720,62,True,17,709152,0.0007,0,5,0,0,"{""snapshot_file"": 17}","{""binary_or_unknown"": 17}"
0401_020720,63,True,21,6777008,0.0063,0,11,1,0,"{""snapshot_file"": 21}","{""binary_or_unknown"": 21}"
0401_020720,64,True,28,2578480,0.0024,0,12,1,0,"{""snapshot_file"": 28}","{""binary_or_unknown"": 27, ""json_like"": 1}"
0401_020720,65,True,32,805296,0.0007,0,12,0,0,"{""snapshot_file"": 32}","{""binary_or_unknown"": 32}"
0401_020720,66,True,23,1026256,0.001,0,14,0,0,"{""snapshot_file"": 23}","{""binary_or_unknown"": 23}"
0401_020720,67,True,27,4220304,0.0039,0,14,1,0,"{""snapshot_file"": 27}","{""binary_or_unknown"": 27}"
0401_020720,68,True,27,325007200,0.3027,0,11,1,1,"{""snapshot_file"": 27}","{""binary_or_unknown"": 27}"
0401_020720,69,True,30,540912,0.0005,0,16,0,0,"{""snapshot_file"": 30}","{""binary_or_unknown"": 30}"
0401_020720,6a,True,30,2500880,0.0023,0,12,1,0,"{""snapshot_file"": 30}","{""binary_or_unknown"": 30}"
0401_020720,6b,True,25,283528592,0.2641,0,10,2,1,"{""snapshot_file"": 25}","{""binary_or_unknown"": 25}"
0401_020720,6c,True,21,2443600,0.0023,0,7,0,0,"{""snapshot_file"": 21}","{""binary_or_unknown"": 21}"
0401_020720,6d,True,28,451552,0.0004,0,12,0,0,"{""snapshot_file"": 28}","{""binary_or_unknown"": 28}"
0401_020720,6e,True,23,316736,0.0003,0,12,0,0,"{""snapshot_file"": 23}","{""binary_or_unknown"": 23}"
0401_020720,6f,True,30,1603232,0.0015,0,11,0,0,"{""snapshot_file"": 30}","{""binary_or_unknown"": 30}"
0401_020720,70,True,30,3292512,0.0031,0,12,1,0,"{""snapshot_file"": 30}","{""binary_or_unknown"": 30}"
0401_020720,71,True,21,9747232,0.0091,0,9,1,0,"{""snapshot_file"": 21}","{""binary_or_unknown"": 20, ""json_like"": 1}"
0401_020720,72,True,28,613008,0.0006,0,11,0,0,"{""snapshot_file"": 28}","{""binary_or_unknown"": 28}"
0401_020720,73,True,28,935664,0.0009,0,12,0,0,"{""snapshot_file"": 28}","{""binary_or_unknown"": 28}"
0401_020720,74,True,25,1003424,0.0009,0,11,0,0,"{""snapshot_file"": 25}","{""binary_or_unknown"": 25}"
0401_020720,75,True,29,1162304,0.0011,0,12,0,0,"{""snapshot_file"": 29}","{""binary_or_unknown"": 29}"
0401_020720,76,True,21,199575056,0.1859,0,9,1,1,"{""snapshot_file"": 21}","{""binary_or_unknown"": 21}"
0401_020720,77,True,32,1510464,0.0014,0,18,0,0,"{""snapshot_file"": 32}","{""binary_or_unknown"": 31, ""json_like"": 1}"
0401_020720,78,True,35,1759680,0.0016,0,16,0,0,"{""snapshot_file"": 35}","{""binary_or_unknown"": 35}"
0401_020720,79,True,33,609425248,0.5676,0,13,2,2,"{""snapshot_file"": 33}","{""binary_or_unknown"": 33}"
0401_020720,7a,True,22,309089808,0.2879,0,6,3,1,"{""snapshot_file"": 22}","{""binary_or_unknown"": 20, ""json_like"": 2}"
0401_020720,7b,True,30,334028032,0.3111,0,15,2,1,"{""snapshot_file"": 30}","{""binary_or_unknown"": 29, ""json_like"": 1}"
0401_020720,7c,True,27,1384896,0.0013,0,6,0,0,"{""snapshot_file"": 27}","{""binary_or_unknown"": 26, ""json_like"": 1}"
0401_020720,7d,True,29,3355696,0.0031,0,10,1,0,"{""snapshot_file"": 29}","{""binary_or_unknown"": 29}"
0401_020720,7e,True,29,4815536,0.0045,0,12,2,0,"{""snapshot_file"": 29}","{""binary_or_unknown"": 29}"
0401_020720,7f,True,28,298604576,0.2781,0,11,2,1,"{""snapshot_file"": 28}","{""binary_or_unknown"": 28}"
0401_020720,80,True,26,3899104,0.0036,0,14,1,0,"{""snapshot_file"": 26}","{""binary_or_unknown"": 26}"
0401_020720,81,True,25,1157344,0.0011,0,9,0,0,"{""snapshot_file"": 25}","{""binary_or_unknown"": 25}"
0401_020720,82,True,25,1010800,0.0009,0,10,0,0,"{""snapshot_file"": 25}","{""binary_or_unknown"": 24, ""json_like"": 1}"
0401_020720,83,True,24,837824,0.0008,0,10,0,0,"{""snapshot_file"": 24}","{""binary_or_unknown"": 24}"
0401_020720,84,True,22,1852096,0.0017,0,9,1,0,"{""snapshot_file"": 22}","{""binary_or_unknown"": 22}"
0401_020720,85,True,24,4354496,0.0041,0,10,2,0,"{""snapshot_file"": 24}","{""binary_or_unknown"": 24}"
0401_020720,86,True,18,349472,0.0003,0,9,0,0,"{""snapshot_file"": 18}","{""binary_or_unknown"": 18}"
0401_020720,87,True,31,15818288,0.0147,0,11,1,0,"{""snapshot_file"": 31}","{""binary_or_unknown"": 31}"
0401_020720,88,True,21,753328,0.0007,0,8,0,0,"{""snapshot_file"": 21}","{""binary_or_unknown"": 21}"
0401_020720,89,True,24,1604288,0.0015,0,14,1,0,"{""snapshot_file"": 24}","{""binary_or_unknown"": 23, ""json_like"": 1}"
0401_020720,8a,True,25,1485984,0.0014,0,4,0,0,"{""snapshot_file"": 25}","{""binary_or_unknown"": 25}"
0401_020720,8b,True,23,3516768,0.0033,0,12,1,0,"{""snapshot_file"": 23}","{""binary_or_unknown"": 23}"
0401_020720,8c,True,28,8201488,0.0076,0,11,1,0,"{""snapshot_file"": 28}","{""binary_or_unknown"": 28}"
0401_020720,8d,True,28,5600656,0.0052,0,11,1,0,"{""snapshot_file"": 28}","{""binary_or_unknown"": 28}"
0401_020720,8e,True,34,1076656,0.001,0,13,0,0,"{""snapshot_file"": 34}","{""binary_or_unknown"": 34}"
0401_020720,8f,True,37,4105440,0.0038,0,17,3,0,"{""snapshot_file"": 37}","{""binary_or_unknown"": 37}"
0401_020720,90,True,27,1591856,0.0015,0,14,1,0,"{""snapshot_file"": 27}","{""binary_or_unknown"": 27}"
0401_020720,91,True,34,14016960,0.0131,0,8,2,0,"{""snapshot_file"": 34}","{""binary_or_unknown"": 33, ""json_like"": 1}"
0401_020720,92,True,29,313082640,0.2916,0,17,1,1,"{""snapshot_file"": 29}","{""binary_or_unknown"": 29}"
0401_020720,93,True,25,11568912,0.0108,0,8,4,0,"{""snapshot_file"": 25}","{""binary_or_unknown"": 25}"
0401_020720,94,True,26,1235216,0.0012,0,9,0,0,"{""snapshot_file"": 26}","{""binary_or_unknown"": 26}"
0401_020720,95,True,29,1944832,0.0018,0,9,1,0,"{""snapshot_file"": 29}","{""binary_or_unknown"": 29}"
0401_020720,96,True,30,2250816,0.0021,0,12,0,0,"{""snapshot_file"": 30}","{""binary_or_unknown"": 30}"
0401_020720,97,True,31,14032384,0.0131,0,10,1,0,"{""snapshot_file"": 31}","{""json_like"": 1, ""binary_or_unknown"": 30}"
0401_020720,98,True,27,1134416,0.0011,0,11,0,0,"{""snapshot_file"": 27}","{""binary_or_unknown"": 27}"
0401_020720,99,True,33,1795776,0.0017,0,12,0,0,"{""snapshot_file"": 33}","{""binary_or_unknown"": 33}"
0401_020720,9a,True,37,2128800,0.002,0,14,0,0,"{""snapshot_file"": 37}","{""binary_or_unknown"": 37}"
0401_020720,9b,True,22,482032,0.0004,0,11,0,0,"{""snapshot_file"": 22}","{""binary_or_unknown"": 22}"
0401_020720,9c,True,48,12000896,0.0112,0,29,2,0,"{""snapshot_file"": 48}","{""binary_or_unknown"": 45, ""json_like"": 3}"
0401_020720,9d,True,28,5149568,0.0048,0,3,1,0,"{""snapshot_file"": 28}","{""binary_or_unknown"": 28}"
0401_020720,9e,True,22,1677376,0.0016,0,11,1,0,"{""snapshot_file"": 22}","{""binary_or_unknown"": 22}"
0401_020720,9f,True,28,2329792,0.0022,0,14,1,0,"{""snapshot_file"": 28}","{""binary_or_unknown"": 28}"
0401_020720,a0,True,31,1311040,0.0012,0,15,0,0,"{""snapshot_file"": 31}","{""binary_or_unknown"": 31}"
0401_020720,a1,True,30,847568,0.0008,0,15,0,0,"{""snapshot_file"": 30}","{""binary_or_unknown"": 29, ""json_like"": 1}"
0401_020720,a2,True,29,3519552,0.0033,0,9,1,0,"{""snapshot_file"": 29}","{""binary_or_unknown"": 29}"
0401_020720,a3,True,37,320936624,0.2989,0,11,1,1,"{""snapshot_file"": 37}","{""binary_or_unknown"": 36, ""json_like"": 1}"
0401_020720,a4,True,34,326123760,0.3037,0,15,2,1,"{""snapshot_file"": 34}","{""binary_or_unknown"": 34}"
0401_020720,a5,True,22,1082320,0.001,0,11,0,0,"{""snapshot_file"": 22}","{""binary_or_unknown"": 22}"
0401_020720,a6,True,28,778272,0.0007,0,12,0,0,"{""snapshot_file"": 28}","{""binary_or_unknown"": 27, ""json_like"": 1}"
0401_020720,a7,True,26,527568240,0.4913,0,13,2,1,"{""snapshot_file"": 26}","{""binary_or_unknown"": 26}"
0401_020720,a8,True,30,315253008,0.2936,0,12,2,1,"{""snapshot_file"": 30}","{""binary_or_unknown"": 30}"
0401_020720,a9,True,39,2412864,0.0022,0,17,1,0,"{""snapshot_file"": 39}","{""binary_or_unknown"": 39}"
0401_020720,aa,True,17,12787456,0.0119,0,7,1,0,"{""snapshot_file"": 17}","{""binary_or_unknown"": 17}"
0401_020720,ab,True,25,1509328,0.0014,0,12,0,0,"{""snapshot_file"": 25}","{""binary_or_unknown"": 25}"
0401_020720,ac,True,22,2320256,0.0022,0,2,1,0,"{""snapshot_file"": 22}","{""binary_or_unknown"": 21, ""json_like"": 1}"
0401_020720,ad,True,28,1154432,0.0011,0,7,0,0,"{""snapshot_file"": 28}","{""binary_or_unknown"": 28}"
0401_020720,ae,True,28,317026784,0.2953,0,19,1,1,"{""snapshot_file"": 28}","{""binary_or_unknown"": 28}"
0401_020720,af,True,24,2165440,0.002,0,8,1,0,"{""snapshot_file"": 24}","{""binary_or_unknown"": 23, ""json_like"": 1}"
0401_020720,b0,True,34,3931824,0.0037,0,14,2,0,"{""snapshot_file"": 34}","{""binary_or_unknown"": 34}"
0401_020720,b1,True,29,1833872,0.0017,0,13,1,0,"{""snapshot_file"": 29}","{""binary_or_unknown"": 29}"
0401_020720,b2,True,26,1466448,0.0014,0,7,1,0,"{""snapshot_file"": 26}","{""binary_or_unknown"": 26}"
0401_020720,b3,True,27,3562000,0.0033,0,15,2,0,"{""snapshot_file"": 27}","{""binary_or_unknown"": 26, ""json_like"": 1}"
0401_020720,b4,True,29,962976,0.0009,0,9,0,0,"{""snapshot_file"": 29}","{""binary_or_unknown"": 29}"
0401_020720,b5,True,21,2334320,0.0022,0,7,1,0,"{""snapshot_file"": 21}","{""binary_or_unknown"": 19, ""json_like"": 2}"
0401_020720,b6,True,26,1960832,0.0018,0,11,1,0,"{""snapshot_file"": 26}","{""binary_or_unknown"": 26}"
0401_020720,b7,True,26,1469728,0.0014,0,6,0,0,"{""snapshot_file"": 26}","{""binary_or_unknown"": 25, ""json_like"": 1}"
0401_020720,b8,True,22,2354640,0.0022,0,13,1,0,"{""snapshot_file"": 22}","{""binary_or_unknown"": 21, ""json_like"": 1}"
0401_020720,b9,True,20,14302784,0.0133,0,5,2,0,"{""snapshot_file"": 20}","{""binary_or_unknown"": 20}"
0401_020720,ba,True,23,2463984,0.0023,0,8,1,0,"{""snapshot_file"": 23}","{""binary_or_unknown"": 23}"
0401_020720,bb,True,24,13132368,0.0122,0,9,2,0,"{""snapshot_file"": 24}","{""binary_or_unknown"": 24}"
0401_020720,bc,True,32,2312816,0.0022,0,16,1,0,"{""snapshot_file"": 32}","{""binary_or_unknown"": 32}"
0401_020720,bd,True,28,887936,0.0008,0,16,0,0,"{""snapshot_file"": 28}","{""binary_or_unknown"": 28}"
0401_020720,be,True,28,3014288,0.0028,0,13,2,0,"{""snapshot_file"": 28}","{""binary_or_unknown"": 28}"
0401_020720,bf,True,42,2344928,0.0022,0,18,1,0,"{""snapshot_file"": 42}","{""binary_or_unknown"": 42}"
0401_020720,c0,True,20,2543600,0.0024,0,2,0,0,"{""snapshot_file"": 20}","{""binary_or_unknown"": 20}"
0401_020720,c1,True,27,424958304,0.3958,0,7,3,2,"{""snapshot_file"": 27}","{""binary_or_unknown"": 27}"
0401_020720,c2,True,21,168960,0.0002,0,12,0,0,"{""snapshot_file"": 21}","{""binary_or_unknown"": 20, ""json_like"": 1}"
0401_020720,c3,True,29,512912,0.0005,0,15,0,0,"{""snapshot_file"": 29}","{""binary_or_unknown"": 29}"
0401_020720,c4,True,23,1561424,0.0015,0,7,0,0,"{""snapshot_file"": 23}","{""binary_or_unknown"": 23}"
0401_020720,c5,True,27,639980608,0.596,0,9,4,2,"{""snapshot_file"": 27}","{""binary_or_unknown"": 27}"
0401_020720,c6,True,23,721216,0.0007,0,13,0,0,"{""snapshot_file"": 23}","{""binary_or_unknown"": 23}"
0401_020720,c7,True,33,4861392,0.0045,0,14,2,0,"{""snapshot_file"": 33}","{""binary_or_unknown"": 32, ""json_like"": 1}"
0401_020720,c8,True,32,1432992,0.0013,0,18,0,0,"{""snapshot_file"": 32}","{""binary_or_unknown"": 32}"
0401_020720,c9,True,29,2571216,0.0024,0,12,1,0,"{""snapshot_file"": 29}","{""binary_or_unknown"": 28, ""json_like"": 1}"
0401_020720,ca,True,25,428604320,0.3992,0,13,1,1,"{""snapshot_file"": 25}","{""binary_or_unknown"": 25}"
0401_020720,cb,True,28,1183312,0.0011,0,9,0,0,"{""snapshot_file"": 28}","{""binary_or_unknown"": 28}"
0401_020720,cc,True,30,1763920,0.0016,0,13,1,0,"{""snapshot_file"": 30}","{""binary_or_unknown"": 30}"
0401_020720,cd,True,22,433296,0.0004,0,12,0,0,"{""snapshot_file"": 22}","{""binary_or_unknown"": 21, ""json_like"": 1}"
0401_020720,ce,True,27,1123792,0.001,0,14,0,0,"{""snapshot_file"": 27}","{""binary_or_unknown"": 26, ""json_like"": 1}"
0401_020720,cf,True,23,993632,0.0009,0,10,0,0,"{""snapshot_file"": 23}","{""binary_or_unknown"": 23}"
0401_020720,d0,True,22,1247648,0.0012,0,10,0,0,"{""snapshot_file"": 22}","{""binary_or_unknown"": 22}"
0401_020720,d1,True,27,3618928,0.0034,0,10,2,0,"{""snapshot_file"": 27}","{""binary_or_unknown"": 27}"
0401_020720,d2,True,32,955744,0.0009,0,17,0,0,"{""snapshot_file"": 32}","{""binary_or_unknown"": 32}"
0401_020720,d3,True,29,7424784,0.0069,0,16,1,0,"{""snapshot_file"": 29}","{""binary_or_unknown"": 29}"
0401_020720,d4,True,23,9926272,0.0092,0,12,1,0,"{""snapshot_file"": 23}","{""binary_or_unknown"": 23}"
0401_020720,d5,True,30,3866784,0.0036,0,10,2,0,"{""snapshot_file"": 30}","{""binary_or_unknown"": 30}"
0401_020720,d6,True,33,314443440,0.2928,0,10,2,1,"{""snapshot_file"": 33}","{""binary_or_unknown"": 33}"
0401_020720,d7,True,31,13159056,0.0123,0,11,2,0,"{""snapshot_file"": 31}","{""binary_or_unknown"": 30, ""json_like"": 1}"
0401_020720,d8,True,31,3788512,0.0035,0,9,1,0,"{""snapshot_file"": 31}","{""binary_or_unknown"": 31}"
0401_020720,d9,True,31,15104928,0.0141,0,13,1,0,"{""snapshot_file"": 31}","{""binary_or_unknown"": 30, ""json_like"": 1}"
0401_020720,da,True,21,1994224,0.0019,0,6,1,0,"{""snapshot_file"": 21}","{""binary_or_unknown"": 21}"
0401_020720,db,True,27,3402416,0.0032,0,9,2,0,"{""snapshot_file"": 27}","{""binary_or_unknown"": 27}"
0401_020720,dc,True,15,475280,0.0004,0,8,0,0,"{""snapshot_file"": 15}","{""binary_or_unknown"": 15}"
0401_020720,dd,True,27,1703264,0.0016,0,9,0,0,"{""snapshot_file"": 27}","{""binary_or_unknown"": 25, ""json_like"": 2}"
0401_020720,de,True,24,986240,0.0009,0,6,0,0,"{""snapshot_file"": 24}","{""binary_or_unknown"": 24}"
0401_020720,df,True,17,639489296,0.5956,0,3,2,2,"{""snapshot_file"": 17}","{""binary_or_unknown"": 17}"
0401_020720,e0,True,19,866112,0.0008,0,6,0,0,"{""snapshot_file"": 19}","{""binary_or_unknown"": 19}"
0401_020720,e1,True,26,1814560,0.0017,0,10,1,0,"{""snapshot_file"": 26}","{""binary_or_unknown"": 26}"
0401_020720,e2,True,25,1803488,0.0017,0,13,1,0,"{""snapshot_file"": 25}","{""binary_or_unknown"": 25}"
0401_020720,e3,True,27,13378576,0.0125,0,6,2,0,"{""snapshot_file"": 27}","{""binary_or_unknown"": 27}"
0401_020720,e4,True,29,2136000,0.002,0,9,0,0,"{""snapshot_file"": 29}","{""binary_or_unknown"": 28, ""json_like"": 1}"
0401_020720,e5,True,32,4536224,0.0042,0,12,1,0,"{""snapshot_file"": 32}","{""binary_or_unknown"": 31, ""json_like"": 1}"
0401_020720,e6,True,33,31862656,0.0297,0,10,2,0,"{""snapshot_file"": 33}","{""binary_or_unknown"": 33}"
0401_020720,e7,True,19,310899408,0.2895,0,8,1,1,"{""snapshot_file"": 19}","{""binary_or_unknown"": 18, ""json_like"": 1}"
0401_020720,e8,True,23,1111936,0.001,0,9,0,0,"{""snapshot_file"": 23}","{""binary_or_unknown"": 23}"
0401_020720,e9,True,31,1688464,0.0016,0,14,1,0,"{""snapshot_file"": 31}","{""binary_or_unknown"": 31}"
0401_020720,ea,True,27,1623904,0.0015,0,10,0,0,"{""snapshot_file"": 27}","{""binary_or_unknown"": 27}"
0401_020720,eb,True,26,4057648,0.0038,0,9,2,0,"{""snapshot_file"": 26}","{""binary_or_unknown"": 26}"
0401_020720,ec,True,25,2365984,0.0022,0,10,1,0,"{""snapshot_file"": 25}","{""binary_or_unknown"": 25}"
0401_020720,ed,True,23,3203216,0.003,0,11,1,0,"{""snapshot_file"": 23}","{""binary_or_unknown"": 23}"
0401_020720,ee,True,39,1297488,0.0012,0,18,0,0,"{""snapshot_file"": 39}","{""binary_or_unknown"": 38, ""json_like"": 1}"
0401_020720,ef,True,31,3134880,0.0029,0,18,1,0,"{""snapshot_file"": 31}","{""binary_or_unknown"": 31}"
0401_020720,f0,True,30,13446368,0.0125,0,15,2,0,"{""snapshot_file"": 30}","{""binary_or_unknown"": 30}"
0401_020720,f1,True,32,3468736,0.0032,0,13,2,0,"{""snapshot_file"": 32}","{""binary_or_unknown"": 31, ""json_like"": 1}"
0401_020720,f2,True,27,2525568,0.0024,0,14,1,0,"{""snapshot_file"": 27}","{""binary_or_unknown"": 26, ""json_like"": 1}"
0401_020720,f3,True,42,2374736,0.0022,0,16,0,0,"{""snapshot_file"": 42}","{""binary_or_unknown"": 41, ""json_like"": 1}"
0401_020720,f4,True,31,1403904,0.0013,0,12,0,0,"{""snapshot_file"": 31}","{""binary_or_unknown"": 31}"
0401_020720,f5,True,29,1128304,0.0011,0,13,0,0,"{""snapshot_file"": 29}","{""binary_or_unknown"": 29}"
0401_020720,f6,True,25,844912,0.0008,0,12,0,0,"{""snapshot_file"": 25}","{""binary_or_unknown"": 25}"
0401_020720,f7,True,24,411440,0.0004,0,12,0,0,"{""snapshot_file"": 24}","{""binary_or_unknown"": 24}"
0401_020720,f8,True,28,318621408,0.2967,0,9,1,1,"{""snapshot_file"": 28}","{""binary_or_unknown"": 28}"
0401_020720,f9,True,28,1372128,0.0013,0,16,0,0,"{""snapshot_file"": 28}","{""binary_or_unknown"": 28}"
0401_020720,fa,True,17,1405184,0.0013,0,9,0,0,"{""snapshot_file"": 17}","{""binary_or_unknown"": 17}"
0401_020720,fb,True,32,14459344,0.0135,0,9,1,0,"{""snapshot_file"": 32}","{""binary_or_unknown"": 32}"
0401_020720,fc,True,25,26478464,0.0247,0,9,2,0,"{""snapshot_file"": 25}","{""binary_or_unknown"": 25}"
0401_020720,fd,True,31,532768,0.0005,0,14,0,0,"{""snapshot_file"": 31}","{""binary_or_unknown"": 31}"
0401_020720,fe,True,23,1694480,0.0016,0,10,1,0,"{""snapshot_file"": 23}","{""binary_or_unknown"": 23}"
0401_020720,ff,True,35,2994352,0.0028,0,14,1,0,"{""snapshot_file"": 35}","{""binary_or_unknown"": 34, ""json_like"": 1}"
0401_053959,00,True,206,25553040,0.0238,0,66,9,0,"{""snapshot_file"": 206}","{""binary_or_unknown"": 206}"
0401_053959,01,True,206,18696368,0.0174,0,58,4,0,"{""snapshot_file"": 206}","{""binary_or_unknown"": 204, ""json_like"": 2}"
0401_053959,02,True,221,353779040,0.3295,0,66,5,1,"{""snapshot_file"": 221}","{""binary_or_unknown"": 218, ""json_like"": 3}"
0401_053959,03,True,175,147975824,0.1378,0,56,5,1,"{""snapshot_file"": 175}","{""binary_or_unknown"": 172, ""json_like"": 3}"
0401_053959,04,True,194,16196144,0.0151,0,57,4,0,"{""snapshot_file"": 194}","{""binary_or_unknown"": 192, ""json_like"": 2}"
0401_053959,05,True,231,54490464,0.0507,0,61,10,0,"{""snapshot_file"": 231}","{""binary_or_unknown"": 226, ""json_like"": 5}"
0401_053959,06,True,187,24478288,0.0228,0,53,4,0,"{""snapshot_file"": 187}","{""binary_or_unknown"": 185, ""json_like"": 2}"
0401_053959,07,True,200,172084560,0.1603,0,47,5,1,"{""snapshot_file"": 200}","{""binary_or_unknown"": 199, ""json_like"": 1}"
0401_053959,08,True,217,1329536944,1.2382,0,61,13,4,"{""snapshot_file"": 217}","{""binary_or_unknown"": 217}"
0401_053959,09,True,204,25280816,0.0235,0,57,5,0,"{""snapshot_file"": 204}","{""binary_or_unknown"": 204}"
0401_053959,0a,True,193,16971296,0.0158,0,58,4,0,"{""snapshot_file"": 193}","{""binary_or_unknown"": 192, ""json_like"": 1}"
0401_053959,0b,True,187,356439008,0.332,0,53,8,1,"{""snapshot_file"": 187}","{""binary_or_unknown"": 185, ""json_like"": 2}"
0401_053959,0c,True,205,379746656,0.3537,0,48,12,1,"{""snapshot_file"": 205}","{""binary_or_unknown"": 203, ""json_like"": 2}"
0401_053959,0d,True,222,360852960,0.3361,0,64,9,1,"{""snapshot_file"": 222}","{""binary_or_unknown"": 220, ""json_like"": 2}"
0401_053959,0e,True,195,279211840,0.26,0,53,7,1,"{""snapshot_file"": 195}","{""binary_or_unknown"": 193, ""json_like"": 2}"
0401_053959,0f,True,198,340827648,0.3174,0,56,8,1,"{""snapshot_file"": 198}","{""binary_or_unknown"": 195, ""json_like"": 3}"
0401_053959,10,True,206,24635904,0.0229,0,55,8,0,"{""snapshot_file"": 206}","{""binary_or_unknown"": 205, ""json_like"": 1}"
0401_053959,11,True,204,16064272,0.015,0,52,1,0,"{""snapshot_file"": 204}","{""binary_or_unknown"": 204}"
0401_053959,12,True,198,342337728,0.3188,0,52,5,1,"{""snapshot_file"": 198}","{""binary_or_unknown"": 197, ""json_like"": 1}"
0401_053959,13,True,186,787244384,0.7332,0,48,7,2,"{""snapshot_file"": 186}","{""binary_or_unknown"": 186}"
0401_053959,14,True,204,382315232,0.3561,0,62,10,1,"{""snapshot_file"": 204}","{""binary_or_unknown"": 203, ""json_like"": 1}"
0401_053959,15,True,184,23385072,0.0218,0,55,7,0,"{""snapshot_file"": 184}","{""binary_or_unknown"": 184}"
0401_053959,16,True,200,355395504,0.331,0,57,5,1,"{""snapshot_file"": 200}","{""binary_or_unknown"": 197, ""json_like"": 3}"
0401_053959,17,True,181,332824272,0.31,0,58,5,1,"{""snapshot_file"": 181}","{""binary_or_unknown"": 181}"
0401_053959,18,True,215,66739568,0.0622,0,53,7,0,"{""snapshot_file"": 215}","{""binary_or_unknown"": 213, ""json_like"": 2}"
0401_053959,19,True,225,371797856,0.3463,0,74,12,1,"{""snapshot_file"": 225}","{""binary_or_unknown"": 224, ""json_like"": 1}"
0401_053959,1a,True,191,17230208,0.016,0,50,4,0,"{""snapshot_file"": 191}","{""binary_or_unknown"": 188, ""json_like"": 3}"
0401_053959,1b,True,207,479624880,0.4467,0,64,4,2,"{""snapshot_file"": 207}","{""binary_or_unknown"": 203, ""json_like"": 4}"
0401_053959,1c,True,189,371785968,0.3463,0,57,8,1,"{""snapshot_file"": 189}","{""binary_or_unknown"": 186, ""json_like"": 3}"
0401_053959,1d,True,198,997458352,0.929,0,54,12,3,"{""snapshot_file"": 198}","{""binary_or_unknown"": 196, ""json_like"": 2}"
0401_053959,1e,True,202,407472912,0.3795,0,55,12,1,"{""snapshot_file"": 202}","{""binary_or_unknown"": 202}"
0401_053959,1f,True,175,20476960,0.0191,0,53,6,0,"{""snapshot_file"": 175}","{""binary_or_unknown"": 174, ""json_like"": 1}"
0401_053959,20,True,196,345056208,0.3214,0,61,4,1,"{""snapshot_file"": 196}","{""binary_or_unknown"": 193, ""json_like"": 2, ""gzip"": 1}"
0401_053959,21,True,197,44271296,0.0412,0,54,6,0,"{""snapshot_file"": 197}","{""binary_or_unknown"": 195, ""json_like"": 2}"
0401_053959,22,True,201,34103024,0.0318,0,60,7,0,"{""snapshot_file"": 201}","{""binary_or_unknown"": 201}"
0401_053959,23,True,211,326029280,0.3036,0,52,4,1,"{""snapshot_file"": 211}","{""binary_or_unknown"": 208, ""json_like"": 3}"
0401_053959,24,True,158,9779776,0.0091,0,48,1,0,"{""snapshot_file"": 158}","{""binary_or_unknown"": 155, ""json_like"": 3}"
0401_053959,25,True,178,17245088,0.0161,0,52,5,0,"{""snapshot_file"": 178}","{""binary_or_unknown"": 178}"
0401_053959,26,True,203,338151680,0.3149,0,68,8,1,"{""snapshot_file"": 203}","{""binary_or_unknown"": 202, ""json_like"": 1}"
0401_053959,27,True,204,230930304,0.2151,0,59,9,0,"{""snapshot_file"": 204}","{""binary_or_unknown"": 202, ""json_like"": 2}"
0401_053959,28,True,206,676726240,0.6303,0,58,7,2,"{""snapshot_file"": 206}","{""binary_or_unknown"": 205, ""json_like"": 1}"
0401_053959,29,True,208,23547936,0.0219,0,64,4,0,"{""snapshot_file"": 208}","{""binary_or_unknown"": 208}"
0401_053959,2a,True,204,26570704,0.0247,0,52,7,0,"{""snapshot_file"": 204}","{""binary_or_unknown"": 204}"
0401_053959,2b,True,190,386282800,0.3598,0,43,7,1,"{""snapshot_file"": 190}","{""binary_or_unknown"": 187, ""json_like"": 3}"
0401_053959,2c,True,216,885549632,0.8247,0,65,12,2,"{""snapshot_file"": 216}","{""binary_or_unknown"": 214, ""json_like"": 2}"
0401_053959,2d,True,185,970842912,0.9042,0,53,8,3,"{""snapshot_file"": 185}","{""binary_or_unknown"": 183, ""json_like"": 2}"
0401_053959,2e,True,211,21743552,0.0203,0,60,6,0,"{""snapshot_file"": 211}","{""binary_or_unknown"": 209, ""json_like"": 2}"
0401_053959,2f,True,203,344611600,0.3209,0,50,8,1,"{""snapshot_file"": 203}","{""binary_or_unknown"": 202, ""json_like"": 1}"
0401_053959,30,True,201,1324967632,1.234,0,52,11,4,"{""snapshot_file"": 201}","{""binary_or_unknown"": 199, ""json_like"": 2}"
0401_053959,31,True,204,433342208,0.4036,0,58,6,1,"{""snapshot_file"": 204}","{""binary_or_unknown"": 204}"
0401_053959,32,True,192,16551856,0.0154,0,52,5,0,"{""snapshot_file"": 192}","{""binary_or_unknown"": 192}"
0401_053959,33,True,195,459230864,0.4277,0,61,9,1,"{""snapshot_file"": 195}","{""binary_or_unknown"": 192, ""json_like"": 3}"
0401_053959,34,True,204,1040948400,0.9695,0,56,14,3,"{""snapshot_file"": 204}","{""binary_or_unknown"": 202, ""json_like"": 2}"
0401_053959,35,True,200,23359008,0.0218,0,60,4,0,"{""snapshot_file"": 200}","{""binary_or_unknown"": 198, ""json_like"": 2}"
0401_053959,36,True,202,16712016,0.0156,0,52,4,0,"{""snapshot_file"": 202}","{""binary_or_unknown"": 200, ""json_like"": 2}"
0401_053959,37,True,202,18169808,0.0169,0,55,4,0,"{""snapshot_file"": 202}","{""binary_or_unknown"": 200, ""json_like"": 2}"
0401_053959,38,True,203,331061968,0.3083,0,63,6,1,"{""snapshot_file"": 203}","{""binary_or_unknown"": 201, ""json_like"": 2}"
0401_053959,39,True,189,292017568,0.272,0,43,6,1,"{""snapshot_file"": 189}","{""binary_or_unknown"": 188, ""json_like"": 1}"
0401_053959,3a,True,222,14281856,0.0133,0,63,3,0,"{""snapshot_file"": 222}","{""binary_or_unknown"": 221, ""json_like"": 1}"
0401_053959,3b,True,185,346929664,0.3231,0,57,6,1,"{""snapshot_file"": 185}","{""binary_or_unknown"": 185}"
0401_053959,3c,True,199,18698512,0.0174,0,64,6,0,"{""snapshot_file"": 199}","{""binary_or_unknown"": 198, ""json_like"": 1}"
0401_053959,3d,True,194,362268816,0.3374,0,50,11,1,"{""snapshot_file"": 194}","{""binary_or_unknown"": 190, ""json_like"": 4}"
0401_053959,3e,True,210,19358304,0.018,0,68,3,0,"{""snapshot_file"": 210}","{""binary_or_unknown"": 208, ""json_like"": 2}"
0401_053959,3f,True,211,715646928,0.6665,0,52,8,2,"{""snapshot_file"": 211}","{""binary_or_unknown"": 211}"
0401_053959,40,True,205,13904048,0.0129,0,59,1,0,"{""snapshot_file"": 205}","{""binary_or_unknown"": 202, ""json_like"": 3}"
0401_053959,41,True,215,341446720,0.318,0,53,5,1,"{""snapshot_file"": 215}","{""binary_or_unknown"": 210, ""json_like"": 5}"
0401_053959,42,True,179,663908976,0.6183,0,49,6,2,"{""snapshot_file"": 179}","{""binary_or_unknown"": 177, ""json_like"": 2}"
0401_053959,43,True,202,669337360,0.6234,0,50,9,2,"{""snapshot_file"": 202}","{""binary_or_unknown"": 202}"
0401_053959,44,True,198,24651104,0.023,0,56,4,0,"{""snapshot_file"": 198}","{""binary_or_unknown"": 198}"
0401_053959,45,True,217,24692832,0.023,0,64,6,0,"{""snapshot_file"": 217}","{""binary_or_unknown"": 216, ""json_like"": 1}"
0401_053959,46,True,211,141248320,0.1315,0,67,8,0,"{""snapshot_file"": 211}","{""binary_or_unknown"": 210, ""json_like"": 1}"
0401_053959,47,True,185,664065424,0.6185,0,59,6,2,"{""snapshot_file"": 185}","{""binary_or_unknown"": 184, ""json_like"": 1}"
0401_053959,48,True,201,351202592,0.3271,0,46,6,1,"{""snapshot_file"": 201}","{""binary_or_unknown"": 199, ""json_like"": 2}"
0401_053959,49,True,207,318415072,0.2965,0,56,7,1,"{""snapshot_file"": 207}","{""binary_or_unknown"": 204, ""json_like"": 3}"
0401_053959,4a,True,184,27768416,0.0259,0,50,7,0,"{""snapshot_file"": 184}","{""binary_or_unknown"": 183, ""json_like"": 1}"
0401_053959,4b,True,186,689339408,0.642,0,54,8,2,"{""snapshot_file"": 186}","{""binary_or_unknown"": 184, ""json_like"": 2}"
0401_053959,4c,True,219,34246320,0.0319,0,69,6,0,"{""snapshot_file"": 219}","{""binary_or_unknown"": 217, ""json_like"": 2}"
0401_053959,4d,True,234,56589840,0.0527,0,66,6,0,"{""snapshot_file"": 234}","{""binary_or_unknown"": 234}"
0401_053959,4e,True,171,342468464,0.3189,0,58,2,1,"{""snapshot_file"": 171}","{""binary_or_unknown"": 171}"
0401_053959,4f,True,206,44128160,0.0411,0,65,8,0,"{""snapshot_file"": 206}","{""binary_or_unknown"": 206}"
0401_053959,50,True,195,658469440,0.6132,0,59,7,2,"{""snapshot_file"": 195}","{""binary_or_unknown"": 194, ""json_like"": 1}"
0401_053959,51,True,197,493175984,0.4593,0,53,10,1,"{""snapshot_file"": 197}","{""binary_or_unknown"": 196, ""json_like"": 1}"
0401_053959,52,True,222,334844480,0.3118,0,59,10,1,"{""snapshot_file"": 222}","{""binary_or_unknown"": 220, ""json_like"": 2}"
0401_053959,53,True,207,352448256,0.3282,0,55,4,1,"{""snapshot_file"": 207}","{""binary_or_unknown"": 206, ""json_like"": 1}"
0401_053959,54,True,199,436900240,0.4069,0,65,6,1,"{""snapshot_file"": 199}","{""binary_or_unknown"": 198, ""json_like"": 1}"
0401_053959,55,True,189,374130640,0.3484,0,66,8,1,"{""snapshot_file"": 189}","{""binary_or_unknown"": 188, ""json_like"": 1}"
0401_053959,56,True,204,1224006864,1.1399,0,54,7,3,"{""snapshot_file"": 204}","{""binary_or_unknown"": 202, ""json_like"": 2}"
0401_053959,57,True,179,24615968,0.0229,0,62,4,0,"{""snapshot_file"": 179}","{""binary_or_unknown"": 178, ""json_like"": 1}"
0401_053959,58,True,201,358161152,0.3336,0,59,6,1,"{""snapshot_file"": 201}","{""binary_or_unknown"": 199, ""json_like"": 2}"
0401_053959,59,True,191,333251808,0.3104,0,39,5,1,"{""snapshot_file"": 191}","{""binary_or_unknown"": 191}"
0401_053959,5a,True,229,26769232,0.0249,0,61,8,0,"{""snapshot_file"": 229}","{""binary_or_unknown"": 227, ""json_like"": 2}"
0401_053959,5b,True,208,716165568,0.667,0,55,9,2,"{""snapshot_file"": 208}","{""binary_or_unknown"": 206, ""json_like"": 2}"
0401_053959,5c,True,196,30455872,0.0284,0,62,5,0,"{""snapshot_file"": 196}","{""binary_or_unknown"": 193, ""json_like"": 3}"
0401_053959,5d,True,204,726597728,0.6767,0,56,11,2,"{""snapshot_file"": 204}","{""binary_or_unknown"": 202, ""json_like"": 2}"
0401_053959,5e,True,193,21471840,0.02,0,49,6,0,"{""snapshot_file"": 193}","{""binary_or_unknown"": 193}"
0401_053959,5f,True,188,638758592,0.5949,0,70,5,2,"{""snapshot_file"": 188}","{""binary_or_unknown"": 187, ""json_like"": 1}"
0401_053959,60,True,193,25008672,0.0233,0,46,5,0,"{""snapshot_file"": 193}","{""binary_or_unknown"": 192, ""json_like"": 1}"
0401_053959,61,True,199,350214352,0.3262,0,66,10,1,"{""snapshot_file"": 199}","{""binary_or_unknown"": 198, ""json_like"": 1}"
0401_053959,62,True,190,342995408,0.3194,0,49,7,1,"{""snapshot_file"": 190}","{""binary_or_unknown"": 188, ""json_like"": 2}"
0401_053959,63,True,205,41170240,0.0383,0,57,5,0,"{""snapshot_file"": 205}","{""binary_or_unknown"": 203, ""json_like"": 2}"
0401_053959,64,True,200,333929440,0.311,0,60,8,1,"{""snapshot_file"": 200}","{""binary_or_unknown"": 195, ""json_like"": 5}"
0401_053959,65,True,198,970064672,0.9034,0,42,7,3,"{""snapshot_file"": 198}","{""binary_or_unknown"": 196, ""json_like"": 2}"
0401_053959,66,True,200,635615264,0.592,0,63,5,2,"{""snapshot_file"": 200}","{""binary_or_unknown"": 199, ""json_like"": 1}"
0401_053959,67,True,186,346849216,0.323,0,58,4,1,"{""snapshot_file"": 186}","{""binary_or_unknown"": 184, ""json_like"": 2}"
0401_053959,68,True,203,697719664,0.6498,0,65,5,2,"{""snapshot_file"": 203}","{""binary_or_unknown"": 202, ""json_like"": 1}"
0401_053959,69,True,212,26549616,0.0247,0,73,6,0,"{""snapshot_file"": 212}","{""binary_or_unknown"": 211, ""json_like"": 1}"
0401_053959,6a,True,198,30598704,0.0285,0,51,8,0,"{""snapshot_file"": 198}","{""binary_or_unknown"": 196, ""json_like"": 2}"
0401_053959,6b,True,184,613116784,0.571,0,52,6,2,"{""snapshot_file"": 184}","{""binary_or_unknown"": 181, ""json_like"": 3}"
0401_053959,6c,True,182,334852928,0.3119,0,55,3,1,"{""snapshot_file"": 182}","{""binary_or_unknown"": 179, ""json_like"": 3}"
0401_053959,6d,True,205,51236864,0.0477,0,66,8,0,"{""snapshot_file"": 205}","{""binary_or_unknown"": 204, ""json_like"": 1}"
0401_053959,6e,True,202,13078944,0.0122,0,52,3,0,"{""snapshot_file"": 202}","{""binary_or_unknown"": 202}"
0401_053959,6f,True,209,363987488,0.339,0,66,3,1,"{""snapshot_file"": 209}","{""binary_or_unknown"": 208, ""json_like"": 1}"
0401_053959,70,True,197,473939888,0.4414,0,49,10,2,"{""snapshot_file"": 197}","{""binary_or_unknown"": 195, ""json_like"": 2}"
0401_053959,71,True,207,66139152,0.0616,0,50,6,0,"{""snapshot_file"": 207}","{""binary_or_unknown"": 205, ""json_like"": 2}"
0401_053959,72,True,202,21513040,0.02,0,60,6,0,"{""snapshot_file"": 202}","{""binary_or_unknown"": 201, ""json_like"": 1}"
0401_053959,73,True,212,607120896,0.5654,0,62,9,2,"{""snapshot_file"": 212}","{""binary_or_unknown"": 211, ""json_like"": 1}"
0401_053959,74,True,170,62835952,0.0585,0,36,7,0,"{""snapshot_file"": 170}","{""binary_or_unknown"": 166, ""json_like"": 4}"
0401_053959,75,True,192,164352112,0.1531,0,42,5,1,"{""snapshot_file"": 192}","{""binary_or_unknown"": 192}"
0401_053959,76,True,190,226222032,0.2107,0,69,4,1,"{""snapshot_file"": 190}","{""binary_or_unknown"": 189, ""json_like"": 1}"
0401_053959,77,True,186,644836992,0.6006,0,57,6,2,"{""snapshot_file"": 186}","{""binary_or_unknown"": 186}"
0401_053959,78,True,201,23031680,0.0214,0,61,3,0,"{""snapshot_file"": 201}","{""binary_or_unknown"": 199, ""json_like"": 2}"
0401_053959,79,True,188,627602992,0.5845,0,53,8,2,"{""snapshot_file"": 188}","{""binary_or_unknown"": 188}"
0401_053959,7a,True,193,672033568,0.6259,0,44,10,2,"{""snapshot_file"": 193}","{""binary_or_unknown"": 193}"
0401_053959,7b,True,202,348685216,0.3247,0,57,5,1,"{""snapshot_file"": 202}","{""binary_or_unknown"": 201, ""json_like"": 1}"
0401_053959,7c,True,224,18201072,0.017,0,67,5,0,"{""snapshot_file"": 224}","{""binary_or_unknown"": 223, ""json_like"": 1}"
0401_053959,7d,True,196,338638240,0.3154,0,51,7,1,"{""snapshot_file"": 196}","{""binary_or_unknown"": 196}"
0401_053959,7e,True,212,21537456,0.0201,0,71,5,0,"{""snapshot_file"": 212}","{""binary_or_unknown"": 210, ""json_like"": 2}"
0401_053959,7f,True,182,568915696,0.5298,0,49,7,2,"{""snapshot_file"": 182}","{""binary_or_unknown"": 180, ""json_like"": 2}"
0401_053959,80,True,201,28262448,0.0263,0,61,7,0,"{""snapshot_file"": 201}","{""binary_or_unknown"": 200, ""json_like"": 1}"
0401_053959,81,True,193,345631104,0.3219,0,54,6,1,"{""snapshot_file"": 193}","{""binary_or_unknown"": 192, ""json_like"": 1}"
0401_053959,82,True,173,11164640,0.0104,0,51,1,0,"{""snapshot_file"": 173}","{""binary_or_unknown"": 168, ""json_like"": 5}"
0401_053959,83,True,217,27226432,0.0254,0,59,8,0,"{""snapshot_file"": 217}","{""binary_or_unknown"": 216, ""json_like"": 1}"
0401_053959,84,True,190,44771808,0.0417,0,58,9,0,"{""snapshot_file"": 190}","{""binary_or_unknown"": 189, ""json_like"": 1}"
0401_053959,85,True,197,23038576,0.0215,0,59,8,0,"{""snapshot_file"": 197}","{""binary_or_unknown"": 196, ""json_like"": 1}"
0401_053959,86,True,191,456119680,0.4248,0,51,6,2,"{""snapshot_file"": 191}","{""binary_or_unknown"": 190, ""json_like"": 1}"
0401_053959,87,True,180,363310976,0.3384,0,45,4,1,"{""snapshot_file"": 180}","{""binary_or_unknown"": 179, ""json_like"": 1}"
0401_053959,88,True,202,326969440,0.3045,0,51,5,1,"{""snapshot_file"": 202}","{""binary_or_unknown"": 202}"
0401_053959,89,True,224,332785200,0.3099,0,73,11,1,"{""snapshot_file"": 224}","{""binary_or_unknown"": 223, ""json_like"": 1}"
0401_053959,8a,True,218,17396816,0.0162,0,49,3,0,"{""snapshot_file"": 218}","{""binary_or_unknown"": 217, ""json_like"": 1}"
0401_053959,8b,True,202,25120032,0.0234,0,67,7,0,"{""snapshot_file"": 202}","{""binary_or_unknown"": 198, ""json_like"": 4}"
0401_053959,8c,True,188,27079232,0.0252,0,53,6,0,"{""snapshot_file"": 188}","{""binary_or_unknown"": 186, ""json_like"": 2}"
0401_053959,8d,True,220,25737328,0.024,0,52,5,0,"{""snapshot_file"": 220}","{""binary_or_unknown"": 217, ""json_like"": 3}"
0401_053959,8e,True,210,328348720,0.3058,0,46,5,1,"{""snapshot_file"": 210}","{""binary_or_unknown"": 207, ""json_like"": 3}"
0401_053959,8f,True,192,34603888,0.0322,0,56,10,0,"{""snapshot_file"": 192}","{""binary_or_unknown"": 192}"
0401_053959,90,True,174,343720432,0.3201,0,54,3,1,"{""snapshot_file"": 174}","{""binary_or_unknown"": 174}"
0401_053959,91,True,218,46491408,0.0433,0,52,10,0,"{""snapshot_file"": 218}","{""binary_or_unknown"": 218}"
0401_053959,92,True,189,664435136,0.6188,0,49,8,2,"{""snapshot_file"": 189}","{""binary_or_unknown"": 188, ""json_like"": 1}"
0401_053959,93,True,195,30827360,0.0287,0,52,10,0,"{""snapshot_file"": 195}","{""binary_or_unknown"": 195}"
0401_053959,94,True,181,19589696,0.0182,0,51,5,0,"{""snapshot_file"": 181}","{""binary_or_unknown"": 181}"
0401_053959,95,True,211,18708368,0.0174,0,56,5,0,"{""snapshot_file"": 211}","{""binary_or_unknown"": 210, ""json_like"": 1}"
0401_053959,96,True,203,1266736384,1.1797,0,55,9,4,"{""snapshot_file"": 203}","{""binary_or_unknown"": 203}"
0401_053959,97,True,195,129315584,0.1204,0,57,7,0,"{""snapshot_file"": 195}","{""binary_or_unknown"": 194, ""json_like"": 1}"
0401_053959,98,True,211,319196896,0.2973,0,59,7,1,"{""snapshot_file"": 211}","{""binary_or_unknown"": 209, ""json_like"": 2}"
0401_053959,99,True,203,19791952,0.0184,0,59,5,0,"{""snapshot_file"": 203}","{""binary_or_unknown"": 202, ""json_like"": 1}"
0401_053959,9a,True,202,35972304,0.0335,0,58,6,0,"{""snapshot_file"": 202}","{""binary_or_unknown"": 201, ""json_like"": 1}"
0401_053959,9b,True,186,661996896,0.6165,0,53,8,2,"{""snapshot_file"": 186}","{""binary_or_unknown"": 186}"
0401_053959,9c,True,223,355089024,0.3307,0,74,9,1,"{""snapshot_file"": 223}","{""binary_or_unknown"": 222, ""json_like"": 1}"
0401_053959,9d,True,193,344099680,0.3205,0,50,8,1,"{""snapshot_file"": 193}","{""binary_or_unknown"": 192, ""json_like"": 1}"
0401_053959,9e,True,203,687008000,0.6398,0,63,11,2,"{""snapshot_file"": 203}","{""binary_or_unknown"": 201, ""json_like"": 2}"
0401_053959,9f,True,179,970715280,0.904,0,56,5,3,"{""snapshot_file"": 179}","{""binary_or_unknown"": 177, ""json_like"": 2}"
0401_053959,a0,True,191,340656896,0.3173,0,70,3,1,"{""snapshot_file"": 191}","{""binary_or_unknown"": 190, ""json_like"": 1}"
0401_053959,a1,True,213,655512096,0.6105,0,74,4,2,"{""snapshot_file"": 213}","{""binary_or_unknown"": 210, ""json_like"": 3}"
0401_053959,a2,True,193,713607152,0.6646,0,47,8,2,"{""snapshot_file"": 193}","{""binary_or_unknown"": 192, ""json_like"": 1}"
0401_053959,a3,True,218,675798576,0.6294,0,69,9,2,"{""snapshot_file"": 218}","{""binary_or_unknown"": 216, ""json_like"": 2}"
0401_053959,a4,True,214,357520144,0.333,0,69,6,1,"{""snapshot_file"": 214}","{""binary_or_unknown"": 212, ""json_like"": 2}"
0401_053959,a5,True,188,352379776,0.3282,0,44,8,1,"{""snapshot_file"": 188}","{""binary_or_unknown"": 187, ""json_like"": 1}"
0401_053959,a6,True,211,18591072,0.0173,0,53,4,0,"{""snapshot_file"": 211}","{""binary_or_unknown"": 207, ""json_like"": 4}"
0401_053959,a7,True,204,928468992,0.8647,0,64,10,2,"{""snapshot_file"": 204}","{""binary_or_unknown"": 201, ""json_like"": 3}"
0401_053959,a8,True,191,362622976,0.3377,0,62,7,1,"{""snapshot_file"": 191}","{""binary_or_unknown"": 190, ""json_like"": 1}"
0401_053959,a9,True,204,682796816,0.6359,0,59,6,2,"{""snapshot_file"": 204}","{""binary_or_unknown"": 201, ""json_like"": 3}"
0401_053959,aa,True,214,345024032,0.3213,0,61,5,1,"{""snapshot_file"": 214}","{""binary_or_unknown"": 213, ""json_like"": 1}"
0401_053959,ab,True,217,763370688,0.7109,0,59,12,2,"{""snapshot_file"": 217}","{""binary_or_unknown"": 215, ""json_like"": 2}"
0401_053959,ac,True,199,17164768,0.016,0,36,4,0,"{""snapshot_file"": 199}","{""binary_or_unknown"": 199}"
0401_053959,ad,True,194,714395984,0.6653,0,43,11,2,"{""snapshot_file"": 194}","{""binary_or_unknown"": 192, ""json_like"": 2}"
0401_053959,ae,True,181,328544576,0.306,0,65,4,1,"{""snapshot_file"": 181}","{""binary_or_unknown"": 180, ""json_like"": 1}"
0401_053959,af,True,206,645679232,0.6013,0,50,7,2,"{""snapshot_file"": 206}","{""binary_or_unknown"": 204, ""json_like"": 2}"
0401_053959,b0,True,220,349798240,0.3258,0,64,6,1,"{""snapshot_file"": 220}","{""binary_or_unknown"": 217, ""json_like"": 3}"
0401_053959,b1,True,192,331724512,0.3089,0,67,3,1,"{""snapshot_file"": 192}","{""binary_or_unknown"": 190, ""json_like"": 2}"
0401_053959,b2,True,202,402139152,0.3745,0,49,9,1,"{""snapshot_file"": 202}","{""binary_or_unknown"": 199, ""json_like"": 3}"
0401_053959,b3,True,206,329992624,0.3073,0,57,6,1,"{""snapshot_file"": 206}","{""binary_or_unknown"": 206}"
0401_053959,b4,True,186,355248192,0.3309,0,55,6,1,"{""snapshot_file"": 186}","{""binary_or_unknown"": 185, ""json_like"": 1}"
0401_053959,b5,True,197,38460448,0.0358,0,55,4,0,"{""snapshot_file"": 197}","{""binary_or_unknown"": 196, ""json_like"": 1}"
0401_053959,b6,True,192,457606464,0.4262,0,58,9,2,"{""snapshot_file"": 192}","{""binary_or_unknown"": 189, ""json_like"": 3}"
0401_053959,b7,True,234,31476096,0.0293,0,55,6,0,"{""snapshot_file"": 234}","{""binary_or_unknown"": 234}"
0401_053959,b8,True,195,17297200,0.0161,0,52,5,0,"{""snapshot_file"": 195}","{""binary_or_unknown"": 194, ""json_like"": 1}"
0401_053959,b9,True,196,656651296,0.6116,0,50,10,2,"{""snapshot_file"": 196}","{""binary_or_unknown"": 196}"
0401_053959,ba,True,189,81029088,0.0755,0,46,4,0,"{""snapshot_file"": 189}","{""binary_or_unknown"": 188, ""json_like"": 1}"
0401_053959,bb,True,191,650912432,0.6062,0,56,8,2,"{""snapshot_file"": 191}","{""binary_or_unknown"": 190, ""json_like"": 1}"
0401_053959,bc,True,189,316927376,0.2952,0,44,4,1,"{""snapshot_file"": 189}","{""binary_or_unknown"": 189}"
0401_053959,bd,True,179,55211952,0.0514,0,61,6,0,"{""snapshot_file"": 179}","{""binary_or_unknown"": 176, ""json_like"": 3}"
0401_053959,be,True,192,18406064,0.0171,0,61,4,0,"{""snapshot_file"": 192}","{""binary_or_unknown"": 191, ""json_like"": 1}"
0401_053959,bf,True,229,374654304,0.3489,0,71,7,1,"{""snapshot_file"": 229}","{""binary_or_unknown"": 229}"
0401_053959,c0,True,183,19530048,0.0182,0,43,4,0,"{""snapshot_file"": 183}","{""binary_or_unknown"": 183}"
0401_053959,c1,True,213,512635904,0.4774,0,53,6,2,"{""snapshot_file"": 213}","{""binary_or_unknown"": 212, ""json_like"": 1}"
0401_053959,c2,True,198,392631680,0.3657,0,64,7,1,"{""snapshot_file"": 198}","{""binary_or_unknown"": 196, ""json_like"": 2}"
0401_053959,c3,True,181,26098576,0.0243,0,63,9,0,"{""snapshot_file"": 181}","{""binary_or_unknown"": 179, ""json_like"": 2}"
0401_053959,c4,True,168,17074560,0.0159,0,51,3,0,"{""snapshot_file"": 168}","{""binary_or_unknown"": 167, ""json_like"": 1}"
0401_053959,c5,True,183,790968400,0.7366,0,49,8,3,"{""snapshot_file"": 183}","{""binary_or_unknown"": 182, ""json_like"": 1}"
0401_053959,c6,True,206,377761712,0.3518,0,62,8,1,"{""snapshot_file"": 206}","{""binary_or_unknown"": 205, ""json_like"": 1}"
0401_053959,c7,True,198,668325248,0.6224,0,54,10,2,"{""snapshot_file"": 198}","{""binary_or_unknown"": 196, ""json_like"": 2}"
0401_053959,c8,True,214,404286192,0.3765,0,70,6,1,"{""snapshot_file"": 214}","{""binary_or_unknown"": 213, ""json_like"": 1}"
0401_053959,c9,True,212,347128720,0.3233,0,67,7,1,"{""snapshot_file"": 212}","{""binary_or_unknown"": 208, ""json_like"": 4}"
0401_053959,ca,True,235,1034618800,0.9636,0,63,9,3,"{""snapshot_file"": 235}","{""binary_or_unknown"": 234, ""json_like"": 1}"
0401_053959,cb,True,207,32561472,0.0303,0,54,7,0,"{""snapshot_file"": 207}","{""binary_or_unknown"": 203, ""json_like"": 4}"
0401_053959,cc,True,218,346245120,0.3225,0,65,7,1,"{""snapshot_file"": 218}","{""binary_or_unknown"": 218}"
0401_053959,cd,True,188,27977792,0.0261,0,54,6,0,"{""snapshot_file"": 188}","{""binary_or_unknown"": 186, ""json_like"": 2}"
0401_053959,ce,True,210,940309408,0.8757,0,70,6,3,"{""snapshot_file"": 210}","{""binary_or_unknown"": 209, ""json_like"": 1}"
0401_053959,cf,True,193,94376320,0.0879,0,61,7,0,"{""snapshot_file"": 193}","{""binary_or_unknown"": 191, ""json_like"": 2}"
0401_053959,d0,True,206,667443744,0.6216,0,64,7,2,"{""snapshot_file"": 206}","{""binary_or_unknown"": 202, ""json_like"": 4}"
0401_053959,d1,True,200,947526992,0.8825,0,52,10,3,"{""snapshot_file"": 200}","{""binary_or_unknown"": 199, ""json_like"": 1}"
0401_053959,d2,True,188,358948992,0.3343,0,73,3,1,"{""snapshot_file"": 188}","{""binary_or_unknown"": 187, ""json_like"": 1}"
0401_053959,d3,True,201,673177632,0.6269,0,60,6,2,"{""snapshot_file"": 201}","{""binary_or_unknown"": 199, ""json_like"": 2}"
0401_053959,d4,True,189,37128576,0.0346,0,52,6,0,"{""snapshot_file"": 189}","{""binary_or_unknown"": 189}"
0401_053959,d5,True,193,354254560,0.3299,0,59,7,1,"{""snapshot_file"": 193}","{""binary_or_unknown"": 191, ""json_like"": 2}"
0401_053959,d6,True,197,658840144,0.6136,0,58,8,2,"{""snapshot_file"": 197}","{""binary_or_unknown"": 195, ""json_like"": 2}"
0401_053959,d7,True,221,30072768,0.028,0,62,7,0,"{""snapshot_file"": 221}","{""binary_or_unknown"": 219, ""json_like"": 2}"
0401_053959,d8,True,209,65651536,0.0611,0,60,9,0,"{""snapshot_file"": 209}","{""binary_or_unknown"": 208, ""json_like"": 1}"
0401_053959,d9,True,201,358310752,0.3337,0,58,6,1,"{""snapshot_file"": 201}","{""binary_or_unknown"": 201}"
0401_053959,da,True,182,13260432,0.0123,0,48,3,0,"{""snapshot_file"": 182}","{""binary_or_unknown"": 181, ""json_like"": 1}"
0401_053959,db,True,215,24507680,0.0228,0,72,6,0,"{""snapshot_file"": 215}","{""binary_or_unknown"": 215}"
0401_053959,dc,True,174,685464672,0.6384,0,46,6,2,"{""snapshot_file"": 174}","{""binary_or_unknown"": 174}"
0401_053959,dd,True,199,13900944,0.0129,0,52,1,0,"{""snapshot_file"": 199}","{""binary_or_unknown"": 195, ""json_like"": 4}"
0401_053959,de,True,185,13123104,0.0122,0,51,2,0,"{""snapshot_file"": 185}","{""binary_or_unknown"": 182, ""json_like"": 3}"
0401_053959,df,True,188,991126240,0.9231,0,55,12,3,"{""snapshot_file"": 188}","{""binary_or_unknown"": 186, ""json_like"": 2}"
0401_053959,e0,True,201,761445856,0.7092,0,62,8,2,"{""snapshot_file"": 201}","{""binary_or_unknown"": 199, ""json_like"": 2}"
0401_053959,e1,True,205,357274144,0.3327,0,53,5,1,"{""snapshot_file"": 205}","{""binary_or_unknown"": 205}"
0401_053959,e2,True,184,25425296,0.0237,0,62,6,0,"{""snapshot_file"": 184}","{""binary_or_unknown"": 184}"
0401_053959,e3,True,199,29304544,0.0273,0,57,4,0,"{""snapshot_file"": 199}","{""binary_or_unknown"": 198, ""json_like"": 1}"
0401_053959,e4,True,198,347671696,0.3238,0,55,6,1,"{""snapshot_file"": 198}","{""binary_or_unknown"": 198}"
0401_053959,e5,True,197,708697840,0.66,0,57,9,2,"{""snapshot_file"": 197}","{""binary_or_unknown"": 197}"
0401_053959,e6,True,194,83060608,0.0774,0,50,8,0,"{""snapshot_file"": 194}","{""binary_or_unknown"": 191, ""json_like"": 3}"
0401_053959,e7,True,198,712614080,0.6637,0,51,6,2,"{""snapshot_file"": 198}","{""binary_or_unknown"": 197, ""json_like"": 1}"
0401_053959,e8,True,211,1296744688,1.2077,0,56,11,4,"{""snapshot_file"": 211}","{""binary_or_unknown"": 210, ""json_like"": 1}"
0401_053959,e9,True,199,279214000,0.26,0,74,5,1,"{""snapshot_file"": 199}","{""binary_or_unknown"": 199}"
0401_053959,ea,True,190,212983376,0.1984,0,53,6,1,"{""snapshot_file"": 190}","{""binary_or_unknown"": 187, ""json_like"": 3}"
0401_053959,eb,True,182,16947200,0.0158,0,52,6,0,"{""snapshot_file"": 182}","{""binary_or_unknown"": 182}"
0401_053959,ec,True,210,683881936,0.6369,0,60,7,2,"{""snapshot_file"": 210}","{""binary_or_unknown"": 207, ""json_like"": 3}"
0401_053959,ed,True,204,584404096,0.5443,0,56,13,2,"{""snapshot_file"": 204}","{""binary_or_unknown"": 203, ""json_like"": 1}"
0401_053959,ee,True,205,721839616,0.6723,0,61,8,2,"{""snapshot_file"": 205}","{""binary_or_unknown"": 203, ""json_like"": 2}"
0401_053959,ef,True,213,68769792,0.064,0,60,9,0,"{""snapshot_file"": 213}","{""binary_or_unknown"": 213}"
0401_053959,f0,True,199,661742336,0.6163,0,52,11,2,"{""snapshot_file"": 199}","{""binary_or_unknown"": 197, ""json_like"": 2}"
0401_053959,f1,True,191,32180944,0.03,0,56,7,0,"{""snapshot_file"": 191}","{""binary_or_unknown"": 190, ""json_like"": 1}"
0401_053959,f2,True,172,351640352,0.3275,0,48,5,1,"{""snapshot_file"": 172}","{""binary_or_unknown"": 172}"
0401_053959,f3,True,220,174574112,0.1626,0,63,3,1,"{""snapshot_file"": 220}","{""binary_or_unknown"": 220}"
0401_053959,f4,True,205,17936704,0.0167,0,60,4,0,"{""snapshot_file"": 205}","{""binary_or_unknown"": 205}"
0401_053959,f5,True,204,658743984,0.6135,0,63,7,2,"{""snapshot_file"": 204}","{""binary_or_unknown"": 201, ""json_like"": 3}"
0401_053959,f6,True,216,24741952,0.023,0,59,6,0,"{""snapshot_file"": 216}","{""binary_or_unknown"": 216}"
0401_053959,f7,True,178,332036400,0.3092,0,53,5,1,"{""snapshot_file"": 178}","{""binary_or_unknown"": 178}"
0401_053959,f8,True,207,625710512,0.5827,0,59,7,3,"{""snapshot_file"": 207}","{""binary_or_unknown"": 207}"
0401_053959,f9,True,199,350322432,0.3263,0,58,5,1,"{""snapshot_file"": 199}","{""binary_or_unknown"": 199}"
0401_053959,fa,True,190,19709408,0.0184,0,49,6,0,"{""snapshot_file"": 190}","{""binary_or_unknown"": 189, ""json_like"": 1}"
0401_053959,fb,True,222,138916160,0.1294,0,58,4,0,"{""snapshot_file"": 222}","{""binary_or_unknown"": 220, ""json_like"": 2}"
0401_053959,fc,True,178,370682640,0.3452,0,50,11,1,"{""snapshot_file"": 178}","{""binary_or_unknown"": 178}"
0401_053959,fd,True,174,11269072,0.0105,0,48,3,0,"{""snapshot_file"": 174}","{""binary_or_unknown"": 172, ""json_like"": 2}"
0401_053959,fe,True,174,21899952,0.0204,0,49,7,0,"{""snapshot_file"": 174}","{""binary_or_unknown"": 171, ""json_like"": 3}"
0401_053959,ff,True,197,351339824,0.3272,0,58,3,1,"{""snapshot_file"": 197}","{""binary_or_unknown"": 195, ""json_like"": 2}"
