bucket,is_hex_bucket,file_count,total_size_bytes,total_size_gib,zero_byte_files,small_1kb_or_less,large_1mb_or_more,large_100mb_or_more,category_counts,magic_counts
00,True,84,12591856,0.0117,0,38,5,0,"{""snapshot_file"": 84}","{""binary_or_unknown"": 84}"
01,True,75,9092896,0.0085,0,32,1,0,"{""snapshot_file"": 75}","{""binary_or_unknown"": 75}"
02,True,86,343797648,0.3202,0,41,3,1,"{""snapshot_file"": 86}","{""binary_or_unknown"": 85, ""json_like"": 1}"
03,True,64,17741536,0.0165,0,25,2,0,"{""snapshot_file"": 64}","{""binary_or_unknown"": 64}"
04,True,69,6317184,0.0059,0,29,1,0,"{""snapshot_file"": 69}","{""binary_or_unknown"": 69}"
05,True,90,39597936,0.0369,0,34,6,0,"{""snapshot_file"": 90}","{""binary_or_unknown"": 89, ""json_like"": 1}"
06,True,56,4443504,0.0041,0,22,1,0,"{""snapshot_file"": 56}","{""binary_or_unknown"": 55, ""json_like"": 1}"
07,True,75,163488608,0.1523,0,28,3,1,"{""snapshot_file"": 75}","{""binary_or_unknown"": 74, ""json_like"": 1}"
08,True,83,970496672,0.9038,0,31,7,3,"{""snapshot_file"": 83}","{""binary_or_unknown"": 82, ""json_like"": 1}"
09,True,70,13714864,0.0128,0,30,2,0,"{""snapshot_file"": 70}","{""binary_or_unknown"": 70}"
0a,True,75,8724000,0.0081,0,34,3,0,"{""snapshot_file"": 75}","{""binary_or_unknown"": 75}"
0b,True,70,12686672,0.0118,0,28,4,0,"{""snapshot_file"": 70}","{""binary_or_unknown"": 69, ""json_like"": 1}"
0c,True,71,24900688,0.0232,0,21,7,0,"{""snapshot_file"": 71}","{""binary_or_unknown"": 70, ""json_like"": 1}"
0d,True,89,351590576,0.3274,0,34,7,1,"{""snapshot_file"": 89}","{""binary_or_unknown"": 88, ""json_like"": 1}"
0e,True,76,7673984,0.0071,0,32,2,0,"{""snapshot_file"": 76}","{""binary_or_unknown"": 76}"
0f,True,78,14193424,0.0132,0,28,4,0,"{""snapshot_file"": 78}","{""binary_or_unknown"": 78}"
10,True,82,16391888,0.0153,0,32,7,0,"{""snapshot_file"": 82}","{""binary_or_unknown"": 82}"
11,True,72,4010816,0.0037,0,32,0,0,"{""snapshot_file"": 72}","{""binary_or_unknown"": 72}"
12,True,70,11054624,0.0103,0,26,5,0,"{""snapshot_file"": 70}","{""binary_or_unknown"": 69, ""json_like"": 1}"
13,True,64,672623216,0.6264,0,15,3,2,"{""snapshot_file"": 64}","{""binary_or_unknown"": 64}"
14,True,75,362996496,0.3381,0,32,5,1,"{""snapshot_file"": 75}","{""binary_or_unknown"": 75}"
15,True,66,8073840,0.0075,0,26,2,0,"{""snapshot_file"": 66}","{""binary_or_unknown"": 66}"
16,True,74,21883328,0.0204,0,25,3,0,"{""snapshot_file"": 74}","{""binary_or_unknown"": 73, ""json_like"": 1}"
17,True,69,324853712,0.3025,0,30,4,1,"{""snapshot_file"": 69}","{""binary_or_unknown"": 68, ""json_like"": 1}"
18,True,72,20936416,0.0195,0,20,5,0,"{""snapshot_file"": 72}","{""binary_or_unknown"": 71, ""json_like"": 1}"
19,True,104,362312176,0.3374,0,45,9,1,"{""snapshot_file"": 104}","{""binary_or_unknown"": 102, ""json_like"": 2}"
1a,True,61,6290992,0.0059,0,24,2,0,"{""snapshot_file"": 61}","{""binary_or_unknown"": 61}"
1b,True,80,151892944,0.1415,0,33,3,1,"{""snapshot_file"": 80}","{""binary_or_unknown"": 76, ""json_like"": 4}"
1c,True,66,10354544,0.0096,0,29,4,0,"{""snapshot_file"": 66}","{""binary_or_unknown"": 66}"
1d,True,67,325106560,0.3028,0,24,6,1,"{""snapshot_file"": 67}","{""binary_or_unknown"": 67}"
1e,True,73,48987904,0.0456,0,25,6,0,"{""snapshot_file"": 73}","{""binary_or_unknown"": 71, ""json_like"": 2}"
1f,True,65,7488576,0.007,0,32,3,0,"{""snapshot_file"": 65}","{""binary_or_unknown"": 65}"
20,True,79,9631920,0.009,0,34,2,0,"{""snapshot_file"": 79}","{""binary_or_unknown"": 79}"
21,True,84,11775888,0.011,0,35,1,0,"{""snapshot_file"": 84}","{""binary_or_unknown"": 84}"
22,True,74,14444800,0.0135,0,25,4,0,"{""snapshot_file"": 74}","{""binary_or_unknown"": 74}"
23,True,82,316091168,0.2944,0,24,2,1,"{""snapshot_file"": 82}","{""binary_or_unknown"": 81, ""json_like"": 1}"
24,True,57,5195456,0.0048,0,25,1,0,"{""snapshot_file"": 57}","{""binary_or_unknown"": 57}"
25,True,68,6695328,0.0062,0,29,2,0,"{""snapshot_file"": 68}","{""binary_or_unknown"": 68}"
26,True,90,311398384,0.29,0,39,1,1,"{""snapshot_file"": 90}","{""binary_or_unknown"": 89, ""json_like"": 1}"
27,True,71,18220768,0.017,0,28,5,0,"{""snapshot_file"": 71}","{""binary_or_unknown"": 70, ""json_like"": 1}"
28,True,79,352303680,0.3281,0,23,5,1,"{""snapshot_file"": 79}","{""binary_or_unknown"": 79}"
29,True,84,13147200,0.0122,0,35,3,0,"{""snapshot_file"": 84}","{""binary_or_unknown"": 83, ""json_like"": 1}"
2a,True,86,18278960,0.017,0,32,5,0,"{""snapshot_file"": 86}","{""binary_or_unknown"": 86}"
2b,True,72,374905440,0.3492,0,23,5,1,"{""snapshot_file"": 72}","{""binary_or_unknown"": 72}"
2c,True,86,865692528,0.8062,0,37,7,2,"{""snapshot_file"": 86}","{""binary_or_unknown"": 84, ""json_like"": 2}"
2d,True,65,945587264,0.8806,0,29,5,3,"{""snapshot_file"": 65}","{""binary_or_unknown"": 65}"
2e,True,79,11454400,0.0107,0,30,3,0,"{""snapshot_file"": 79}","{""binary_or_unknown"": 79}"
2f,True,76,329406816,0.3068,0,28,3,1,"{""snapshot_file"": 76}","{""binary_or_unknown"": 76}"
30,True,90,1310633872,1.2206,0,30,8,4,"{""snapshot_file"": 90}","{""binary_or_unknown"": 89, ""json_like"": 1}"
31,True,71,327157776,0.3047,0,28,2,1,"{""snapshot_file"": 71}","{""binary_or_unknown"": 71}"
32,True,74,7664480,0.0071,0,28,3,0,"{""snapshot_file"": 74}","{""binary_or_unknown"": 74}"
33,True,68,350849232,0.3268,0,27,3,1,"{""snapshot_file"": 68}","{""binary_or_unknown"": 67, ""json_like"": 1}"
34,True,90,645826944,0.6015,0,29,9,2,"{""snapshot_file"": 90}","{""binary_or_unknown"": 90}"
35,True,77,11128448,0.0104,0,33,4,0,"{""snapshot_file"": 77}","{""binary_or_unknown"": 77}"
36,True,70,9041600,0.0084,0,28,3,0,"{""snapshot_file"": 70}","{""binary_or_unknown"": 70}"
37,True,78,11048624,0.0103,0,29,3,0,"{""snapshot_file"": 78}","{""binary_or_unknown"": 77, ""json_like"": 1}"
38,True,83,323376256,0.3012,0,39,5,1,"{""snapshot_file"": 83}","{""binary_or_unknown"": 82, ""json_like"": 1}"
39,True,84,29518848,0.0275,0,22,4,0,"{""snapshot_file"": 84}","{""binary_or_unknown"": 83, ""json_like"": 1}"
3a,True,80,7446928,0.0069,0,33,1,0,"{""snapshot_file"": 80}","{""binary_or_unknown"": 78, ""json_like"": 2}"
3b,True,67,23701792,0.0221,0,31,4,0,"{""snapshot_file"": 67}","{""binary_or_unknown"": 66, ""json_like"": 1}"
3c,True,83,9342688,0.0087,0,39,3,0,"{""snapshot_file"": 83}","{""binary_or_unknown"": 83}"
3d,True,71,339392288,0.3161,0,21,7,1,"{""snapshot_file"": 71}","{""binary_or_unknown"": 70, ""json_like"": 1}"
3e,True,84,8850032,0.0082,0,38,1,0,"{""snapshot_file"": 84}","{""binary_or_unknown"": 83, ""json_like"": 1}"
3f,True,82,704489088,0.6561,0,22,5,2,"{""snapshot_file"": 82}","{""binary_or_unknown"": 82}"
40,True,68,4833136,0.0045,0,28,0,0,"{""snapshot_file"": 68}","{""binary_or_unknown"": 68}"
41,True,75,315460656,0.2938,0,25,3,1,"{""snapshot_file"": 75}","{""binary_or_unknown"": 75}"
42,True,74,315094512,0.2935,0,30,1,1,"{""snapshot_file"": 74}","{""binary_or_unknown"": 73, ""json_like"": 1}"
43,True,85,350066816,0.326,0,29,4,1,"{""snapshot_file"": 85}","{""binary_or_unknown"": 85}"
44,True,62,14909216,0.0139,0,25,2,0,"{""snapshot_file"": 62}","{""binary_or_unknown"": 60, ""json_like"": 2}"
45,True,97,17572784,0.0164,0,38,4,0,"{""snapshot_file"": 97}","{""binary_or_unknown"": 97}"
46,True,80,26464784,0.0246,0,36,6,0,"{""snapshot_file"": 80}","{""binary_or_unknown"": 79, ""json_like"": 1}"
47,True,72,645807664,0.6015,0,31,3,2,"{""snapshot_file"": 72}","{""binary_or_unknown"": 71, ""json_like"": 1}"
48,True,73,331788368,0.309,0,25,2,1,"{""snapshot_file"": 73}","{""binary_or_unknown"": 73}"
49,True,90,313195648,0.2917,0,36,7,1,"{""snapshot_file"": 90}","{""binary_or_unknown"": 88, ""json_like"": 2}"
4a,True,68,19561696,0.0182,0,28,4,0,"{""snapshot_file"": 68}","{""binary_or_unknown"": 68}"
4b,True,73,19131136,0.0178,0,32,4,0,"{""snapshot_file"": 73}","{""binary_or_unknown"": 73}"
4c,True,90,25631328,0.0239,0,34,4,0,"{""snapshot_file"": 90}","{""binary_or_unknown"": 90}"
4d,True,90,8848096,0.0082,0,36,1,0,"{""snapshot_file"": 90}","{""binary_or_unknown"": 88, ""json_like"": 2}"
4e,True,74,335528784,0.3125,0,32,1,1,"{""snapshot_file"": 74}","{""binary_or_unknown"": 73, ""json_like"": 1}"
4f,True,73,15019392,0.014,0,34,4,0,"{""snapshot_file"": 73}","{""binary_or_unknown"": 71, ""json_like"": 2}"
50,True,65,13861296,0.0129,0,30,3,0,"{""snapshot_file"": 65}","{""binary_or_unknown"": 64, ""json_like"": 1}"
51,True,73,306273856,0.2852,0,31,3,1,"{""snapshot_file"": 73}","{""binary_or_unknown"": 73}"
52,True,83,321730608,0.2996,0,28,5,1,"{""snapshot_file"": 83}","{""binary_or_unknown"": 81, ""json_like"": 2}"
53,True,74,16999728,0.0158,0,30,2,0,"{""snapshot_file"": 74}","{""binary_or_unknown"": 72, ""json_like"": 2}"
54,True,68,7679392,0.0072,0,33,3,0,"{""snapshot_file"": 68}","{""binary_or_unknown"": 67, ""json_like"": 1}"
55,True,75,24449520,0.0228,0,43,4,0,"{""snapshot_file"": 75}","{""binary_or_unknown"": 74, ""json_like"": 1}"
56,True,68,861554240,0.8024,0,21,5,2,"{""snapshot_file"": 68}","{""binary_or_unknown"": 67, ""json_like"": 1}"
57,True,69,7758112,0.0072,0,32,2,0,"{""snapshot_file"": 69}","{""binary_or_unknown"": 69}"
58,True,79,345666640,0.3219,0,29,3,1,"{""snapshot_file"": 79}","{""binary_or_unknown"": 78, ""json_like"": 1}"
59,True,61,326013056,0.3036,0,15,3,1,"{""snapshot_file"": 61}","{""binary_or_unknown"": 61}"
5a,True,90,6778000,0.0063,0,32,2,0,"{""snapshot_file"": 90}","{""binary_or_unknown"": 90}"
5b,True,78,682547360,0.6357,0,26,6,2,"{""snapshot_file"": 78}","{""binary_or_unknown"": 78}"
5c,True,76,22092256,0.0206,0,32,2,0,"{""snapshot_file"": 76}","{""binary_or_unknown"": 75, ""json_like"": 1}"
5d,True,73,31446864,0.0293,0,23,5,0,"{""snapshot_file"": 73}","{""binary_or_unknown"": 73}"
5e,True,79,7410656,0.0069,0,26,1,0,"{""snapshot_file"": 79}","{""binary_or_unknown"": 78, ""json_like"": 1}"
5f,True,72,633663408,0.5901,0,38,4,2,"{""snapshot_file"": 72}","{""binary_or_unknown"": 71, ""json_like"": 1}"
60,True,68,9413632,0.0088,0,26,3,0,"{""snapshot_file"": 68}","{""binary_or_unknown"": 68}"
61,True,83,333046240,0.3102,0,41,4,1,"{""snapshot_file"": 83}","{""binary_or_unknown"": 83}"
62,True,71,10781408,0.01,0,26,3,0,"{""snapshot_file"": 71}","{""binary_or_unknown"": 71}"
63,True,60,7780736,0.0072,0,26,2,0,"{""snapshot_file"": 60}","{""binary_or_unknown"": 60}"
64,True,81,324600112,0.3023,0,33,5,1,"{""snapshot_file"": 81}","{""binary_or_unknown"": 80, ""json_like"": 1}"
65,True,79,960529888,0.8946,0,23,5,3,"{""snapshot_file"": 79}","{""binary_or_unknown"": 79}"
66,True,75,629870928,0.5866,0,37,5,2,"{""snapshot_file"": 75}","{""binary_or_unknown"": 75}"
67,True,77,10903872,0.0102,0,34,2,0,"{""snapshot_file"": 77}","{""binary_or_unknown"": 77}"
68,True,85,680640928,0.6339,0,31,4,2,"{""snapshot_file"": 85}","{""binary_or_unknown"": 85}"
69,True,90,19827504,0.0185,0,41,4,0,"{""snapshot_file"": 90}","{""binary_or_unknown"": 90}"
6a,True,79,14012000,0.013,0,32,3,0,"{""snapshot_file"": 79}","{""binary_or_unknown"": 77, ""json_like"": 2}"
6b,True,78,605545584,0.564,0,22,4,2,"{""snapshot_file"": 78}","{""binary_or_unknown"": 78}"
6c,True,75,8302272,0.0077,0,29,1,0,"{""snapshot_file"": 75}","{""binary_or_unknown"": 75}"
6d,True,86,12119328,0.0113,0,35,2,0,"{""snapshot_file"": 86}","{""binary_or_unknown"": 86}"
6e,True,81,5751120,0.0054,0,40,1,0,"{""snapshot_file"": 81}","{""binary_or_unknown"": 81}"
6f,True,86,10783376,0.01,0,42,1,0,"{""snapshot_file"": 86}","{""binary_or_unknown"": 85, ""json_like"": 1}"
70,True,81,465660656,0.4337,0,31,8,2,"{""snapshot_file"": 81}","{""binary_or_unknown"": 81}"
71,True,78,52083456,0.0485,0,27,4,0,"{""snapshot_file"": 78}","{""binary_or_unknown"": 77, ""json_like"": 1}"
72,True,95,6360592,0.0059,0,36,1,0,"{""snapshot_file"": 95}","{""binary_or_unknown"": 94, ""json_like"": 1}"
73,True,78,14834640,0.0138,0,34,4,0,"{""snapshot_file"": 78}","{""binary_or_unknown"": 78}"
74,True,63,11552560,0.0108,0,20,3,0,"{""snapshot_file"": 63}","{""binary_or_unknown"": 63}"
75,True,78,148499904,0.1383,0,32,1,1,"{""snapshot_file"": 78}","{""binary_or_unknown"": 78}"
76,True,73,220495584,0.2054,0,37,3,1,"{""snapshot_file"": 73}","{""binary_or_unknown"": 72, ""json_like"": 1}"
77,True,75,636956416,0.5932,0,34,4,2,"{""snapshot_file"": 75}","{""binary_or_unknown"": 75}"
78,True,76,14303152,0.0133,0,34,1,0,"{""snapshot_file"": 76}","{""binary_or_unknown"": 76}"
79,True,86,616329808,0.574,0,38,4,2,"{""snapshot_file"": 86}","{""binary_or_unknown"": 86}"
7a,True,72,626332976,0.5833,0,22,6,2,"{""snapshot_file"": 72}","{""binary_or_unknown"": 72}"
7b,True,72,340083760,0.3167,0,34,3,1,"{""snapshot_file"": 72}","{""binary_or_unknown"": 72}"
7c,True,81,5604352,0.0052,0,35,2,0,"{""snapshot_file"": 81}","{""binary_or_unknown"": 81}"
7d,True,85,331285280,0.3085,0,33,5,1,"{""snapshot_file"": 85}","{""binary_or_unknown"": 84, ""json_like"": 1}"
7e,True,76,9215520,0.0086,0,29,3,0,"{""snapshot_file"": 76}","{""binary_or_unknown"": 74, ""json_like"": 2}"
7f,True,73,562320256,0.5237,0,30,6,2,"{""snapshot_file"": 73}","{""binary_or_unknown"": 73}"
80,True,75,17115840,0.0159,0,31,3,0,"{""snapshot_file"": 75}","{""binary_or_unknown"": 75}"
81,True,87,13639488,0.0127,0,28,3,0,"{""snapshot_file"": 87}","{""binary_or_unknown"": 85, ""json_like"": 2}"
82,True,73,4957904,0.0046,0,30,0,0,"{""snapshot_file"": 73}","{""binary_or_unknown"": 73}"
83,True,84,14411952,0.0134,0,30,6,0,"{""snapshot_file"": 84}","{""binary_or_unknown"": 83, ""json_like"": 1}"
84,True,75,31153920,0.029,0,34,5,0,"{""snapshot_file"": 75}","{""binary_or_unknown"": 75}"
85,True,91,14713840,0.0137,0,40,6,0,"{""snapshot_file"": 91}","{""binary_or_unknown"": 91}"
86,True,63,448363072,0.4176,0,22,4,2,"{""snapshot_file"": 63}","{""binary_or_unknown"": 63}"
87,True,65,357312640,0.3328,0,24,4,1,"{""snapshot_file"": 65}","{""binary_or_unknown"": 65}"
88,True,74,319576976,0.2976,0,30,4,1,"{""snapshot_file"": 74}","{""json_like"": 1, ""binary_or_unknown"": 73}"
89,True,82,320222144,0.2982,0,35,7,1,"{""snapshot_file"": 82}","{""binary_or_unknown"": 82}"
8a,True,82,6607024,0.0062,0,29,2,0,"{""snapshot_file"": 82}","{""binary_or_unknown"": 82}"
8b,True,81,18471104,0.0172,0,40,6,0,"{""snapshot_file"": 81}","{""binary_or_unknown"": 81}"
8c,True,71,18070560,0.0168,0,26,5,0,"{""snapshot_file"": 71}","{""binary_or_unknown"": 71}"
8d,True,70,10022688,0.0093,0,23,2,0,"{""snapshot_file"": 70}","{""binary_or_unknown"": 70}"
8e,True,75,315378656,0.2937,0,28,3,1,"{""snapshot_file"": 75}","{""binary_or_unknown"": 75}"
8f,True,73,24371072,0.0227,0,33,7,0,"{""snapshot_file"": 73}","{""binary_or_unknown"": 73}"
90,True,68,335507632,0.3125,0,29,2,1,"{""snapshot_file"": 68}","{""binary_or_unknown"": 66, ""json_like"": 2}"
91,True,87,21864352,0.0204,0,32,5,0,"{""snapshot_file"": 87}","{""binary_or_unknown"": 84, ""json_like"": 3}"
92,True,76,316570320,0.2948,0,34,1,1,"{""snapshot_file"": 76}","{""binary_or_unknown"": 75, ""json_like"": 1}"
93,True,74,14935840,0.0139,0,29,5,0,"{""snapshot_file"": 74}","{""binary_or_unknown"": 74}"
94,True,83,12681152,0.0118,0,27,3,0,"{""snapshot_file"": 83}","{""binary_or_unknown"": 80, ""json_like"": 3}"
95,True,82,10816496,0.0101,0,23,4,0,"{""snapshot_file"": 82}","{""binary_or_unknown"": 81, ""json_like"": 1}"
96,True,73,597340352,0.5563,0,28,4,2,"{""snapshot_file"": 73}","{""binary_or_unknown"": 73}"
97,True,74,19187808,0.0179,0,28,3,0,"{""snapshot_file"": 74}","{""binary_or_unknown"": 73, ""json_like"": 1}"
98,True,83,307406688,0.2863,0,37,3,1,"{""snapshot_file"": 83}","{""binary_or_unknown"": 83}"
99,True,77,10312384,0.0096,0,27,3,0,"{""snapshot_file"": 77}","{""binary_or_unknown"": 77}"
9a,True,82,29886160,0.0278,0,36,5,0,"{""snapshot_file"": 82}","{""binary_or_unknown"": 81, ""json_like"": 1}"
9b,True,70,626418480,0.5834,0,30,4,2,"{""snapshot_file"": 70}","{""binary_or_unknown"": 69, ""json_like"": 1}"
9c,True,93,343022928,0.3195,0,48,6,1,"{""snapshot_file"": 93}","{""binary_or_unknown"": 93}"
9d,True,79,314541456,0.2929,0,24,3,1,"{""snapshot_file"": 79}","{""binary_or_unknown"": 79}"
9e,True,74,360595888,0.3358,0,31,5,1,"{""snapshot_file"": 74}","{""binary_or_unknown"": 73, ""json_like"": 1}"
9f,True,79,318279376,0.2964,0,39,3,1,"{""snapshot_file"": 79}","{""binary_or_unknown"": 77, ""json_like"": 2}"
a0,True,65,335625568,0.3126,0,28,2,1,"{""snapshot_file"": 65}","{""binary_or_unknown"": 65}"
a1,True,88,6009440,0.0056,0,38,0,0,"{""snapshot_file"": 88}","{""binary_or_unknown"": 88}"
a2,True,72,679217040,0.6326,0,22,3,2,"{""snapshot_file"": 72}","{""binary_or_unknown"": 72}"
a3,True,94,647564656,0.6031,0,42,4,2,"{""snapshot_file"": 94}","{""binary_or_unknown"": 94}"
a4,True,91,329475200,0.3068,0,40,2,1,"{""snapshot_file"": 91}","{""binary_or_unknown"": 89, ""json_like"": 2}"
a5,True,66,9205184,0.0086,0,26,3,0,"{""snapshot_file"": 66}","{""binary_or_unknown"": 66}"
a6,True,77,8963456,0.0083,0,29,2,0,"{""snapshot_file"": 77}","{""binary_or_unknown"": 77}"
a7,True,91,588895312,0.5485,0,38,5,1,"{""snapshot_file"": 91}","{""binary_or_unknown"": 91}"
a8,True,75,321318160,0.2993,0,37,3,1,"{""snapshot_file"": 75}","{""binary_or_unknown"": 75}"
a9,True,91,670922736,0.6248,0,39,4,2,"{""snapshot_file"": 91}","{""binary_or_unknown"": 91}"
aa,True,64,335160976,0.3121,0,25,4,1,"{""snapshot_file"": 64}","{""binary_or_unknown"": 64}"
ab,True,69,377126784,0.3512,0,26,5,1,"{""snapshot_file"": 69}","{""binary_or_unknown"": 69}"
ac,True,69,8003808,0.0075,0,17,2,0,"{""snapshot_file"": 69}","{""binary_or_unknown"": 67, ""json_like"": 2}"
ad,True,84,571600096,0.5323,0,30,7,2,"{""snapshot_file"": 84}","{""binary_or_unknown"": 84}"
ae,True,71,323368240,0.3012,0,39,3,1,"{""snapshot_file"": 71}","{""binary_or_unknown"": 70, ""json_like"": 1}"
af,True,88,635643984,0.592,0,27,5,2,"{""snapshot_file"": 88}","{""binary_or_unknown"": 88}"
b0,True,81,342548304,0.319,0,34,5,1,"{""snapshot_file"": 81}","{""binary_or_unknown"": 81}"
b1,True,81,325532688,0.3032,0,40,3,1,"{""snapshot_file"": 81}","{""binary_or_unknown"": 80, ""json_like"": 1}"
b2,True,76,363526976,0.3386,0,20,5,1,"{""snapshot_file"": 76}","{""binary_or_unknown"": 75, ""json_like"": 1}"
b3,True,78,316284816,0.2946,0,29,5,1,"{""snapshot_file"": 78}","{""binary_or_unknown"": 78}"
b4,True,86,343056000,0.3195,0,34,3,1,"{""snapshot_file"": 86}","{""binary_or_unknown"": 84, ""json_like"": 2}"
b5,True,68,18267104,0.017,0,29,3,0,"{""snapshot_file"": 68}","{""binary_or_unknown"": 67, ""json_like"": 1}"
b6,True,79,8787712,0.0082,0,28,4,0,"{""snapshot_file"": 79}","{""binary_or_unknown"": 79}"
b7,True,91,19555808,0.0182,0,29,2,0,"{""snapshot_file"": 91}","{""binary_or_unknown"": 91}"
b8,True,67,11868528,0.0111,0,21,4,0,"{""snapshot_file"": 67}","{""binary_or_unknown"": 65, ""json_like"": 2}"
b9,True,60,645807408,0.6015,0,15,7,2,"{""snapshot_file"": 60}","{""binary_or_unknown"": 60}"
ba,True,69,7473392,0.007,0,24,2,0,"{""snapshot_file"": 69}","{""binary_or_unknown"": 69}"
bb,True,70,643976128,0.5997,0,26,6,2,"{""snapshot_file"": 70}","{""binary_or_unknown"": 69, ""json_like"": 1}"
bc,True,78,309010640,0.2878,0,32,3,1,"{""snapshot_file"": 78}","{""binary_or_unknown"": 76, ""json_like"": 2}"
bd,True,85,6511456,0.0061,0,39,1,0,"{""snapshot_file"": 85}","{""binary_or_unknown"": 84, ""json_like"": 1}"
be,True,75,7065984,0.0066,0,34,2,0,"{""snapshot_file"": 75}","{""binary_or_unknown"": 75}"
bf,True,96,11573936,0.0108,0,40,4,0,"{""snapshot_file"": 96}","{""binary_or_unknown"": 96}"
c0,True,71,12299920,0.0115,0,19,2,0,"{""snapshot_file"": 71}","{""binary_or_unknown"": 70, ""json_like"": 1}"
c1,True,76,429944720,0.4004,0,27,4,2,"{""snapshot_file"": 76}","{""binary_or_unknown"": 75, ""json_like"": 1}"
c2,True,75,349740640,0.3257,0,36,2,1,"{""snapshot_file"": 75}","{""binary_or_unknown"": 74, ""json_like"": 1}"
c3,True,76,8435952,0.0079,0,36,4,0,"{""snapshot_file"": 76}","{""binary_or_unknown"": 76}"
c4,True,70,7252128,0.0068,0,24,2,0,"{""snapshot_file"": 70}","{""binary_or_unknown"": 70}"
c5,True,60,780956544,0.7273,0,25,6,3,"{""snapshot_file"": 60}","{""binary_or_unknown"": 60}"
c6,True,93,24353408,0.0227,0,43,4,0,"{""snapshot_file"": 93}","{""binary_or_unknown"": 92, ""json_like"": 1}"
c7,True,77,322507152,0.3004,0,29,6,1,"{""snapshot_file"": 77}","{""binary_or_unknown"": 77}"
c8,True,76,6823248,0.0064,0,35,1,0,"{""snapshot_file"": 76}","{""binary_or_unknown"": 75, ""json_like"": 1}"
c9,True,90,337595248,0.3144,0,36,5,1,"{""snapshot_file"": 90}","{""binary_or_unknown"": 90}"
ca,True,87,764101056,0.7116,0,35,6,2,"{""snapshot_file"": 87}","{""binary_or_unknown"": 87}"
cb,True,77,8719920,0.0081,0,33,2,0,"{""snapshot_file"": 77}","{""binary_or_unknown"": 77}"
cc,True,91,324751552,0.3024,0,35,4,1,"{""snapshot_file"": 91}","{""binary_or_unknown"": 91}"
cd,True,67,13492688,0.0126,0,29,2,0,"{""snapshot_file"": 67}","{""binary_or_unknown"": 67}"
ce,True,85,625516288,0.5826,0,41,3,2,"{""snapshot_file"": 85}","{""binary_or_unknown"": 85}"
cf,True,75,4084720,0.0038,0,34,1,0,"{""snapshot_file"": 75}","{""binary_or_unknown"": 73, ""json_like"": 2}"
d0,True,72,324322720,0.302,0,35,4,1,"{""snapshot_file"": 72}","{""binary_or_unknown"": 71, ""json_like"": 1}"
d1,True,84,940419072,0.8758,0,26,8,3,"{""snapshot_file"": 84}","{""binary_or_unknown"": 84}"
d2,True,85,322052880,0.2999,0,41,2,1,"{""snapshot_file"": 85}","{""binary_or_unknown"": 84, ""json_like"": 1}"
d3,True,74,664598896,0.619,0,34,5,2,"{""snapshot_file"": 74}","{""binary_or_unknown"": 73, ""json_like"": 1}"
d4,True,68,25847328,0.0241,0,29,3,0,"{""snapshot_file"": 68}","{""binary_or_unknown"": 67, ""json_like"": 1}"
d5,True,73,9418576,0.0088,0,30,4,0,"{""snapshot_file"": 73}","{""binary_or_unknown"": 73}"
d6,True,78,321050384,0.299,0,29,4,1,"{""snapshot_file"": 78}","{""binary_or_unknown"": 78}"
d7,True,80,15803328,0.0147,0,29,2,0,"{""snapshot_file"": 80}","{""binary_or_unknown"": 79, ""json_like"": 1}"
d8,True,83,53541584,0.0499,0,29,6,0,"{""snapshot_file"": 83}","{""binary_or_unknown"": 82, ""json_like"": 1}"
d9,True,80,348093840,0.3242,0,32,3,1,"{""snapshot_file"": 80}","{""binary_or_unknown"": 79, ""json_like"": 1}"
da,True,67,9747984,0.0091,0,23,3,0,"{""snapshot_file"": 67}","{""binary_or_unknown"": 67}"
db,True,82,8817520,0.0082,0,41,3,0,"{""snapshot_file"": 82}","{""binary_or_unknown"": 81, ""json_like"": 1}"
dc,True,65,361892976,0.337,0,26,4,1,"{""snapshot_file"": 65}","{""binary_or_unknown"": 65}"
dd,True,83,7609152,0.0071,0,28,0,0,"{""snapshot_file"": 83}","{""binary_or_unknown"": 81, ""json_like"": 2}"
de,True,74,8068848,0.0075,0,27,1,0,"{""snapshot_file"": 74}","{""binary_or_unknown"": 74}"
df,True,71,968797712,0.9023,0,28,7,3,"{""snapshot_file"": 71}","{""binary_or_unknown"": 71}"
e0,True,68,628157728,0.585,0,30,4,2,"{""snapshot_file"": 68}","{""binary_or_unknown"": 67, ""json_like"": 1}"
e1,True,83,350473968,0.3264,0,32,5,1,"{""snapshot_file"": 83}","{""binary_or_unknown"": 83}"
e2,True,63,6655216,0.0062,0,31,3,0,"{""snapshot_file"": 63}","{""binary_or_unknown"": 63}"
e3,True,70,17246112,0.0161,0,26,3,0,"{""snapshot_file"": 70}","{""binary_or_unknown"": 69, ""json_like"": 1}"
e4,True,77,333853008,0.3109,0,36,4,1,"{""snapshot_file"": 77}","{""binary_or_unknown"": 76, ""json_like"": 1}"
e5,True,77,350808448,0.3267,0,30,4,1,"{""snapshot_file"": 77}","{""binary_or_unknown"": 77}"
e6,True,79,51212416,0.0477,0,31,6,0,"{""snapshot_file"": 79}","{""binary_or_unknown"": 78, ""json_like"": 1}"
e7,True,82,704288752,0.6559,0,26,5,2,"{""snapshot_file"": 82}","{""binary_or_unknown"": 82}"
e8,True,79,639539584,0.5956,0,34,7,2,"{""snapshot_file"": 79}","{""binary_or_unknown"": 78, ""json_like"": 1}"
e9,True,82,7579888,0.0071,0,37,2,0,"{""snapshot_file"": 82}","{""binary_or_unknown"": 82}"
ea,True,71,197140960,0.1836,0,28,2,1,"{""snapshot_file"": 71}","{""binary_or_unknown"": 71}"
eb,True,71,10174000,0.0095,0,30,4,0,"{""snapshot_file"": 71}","{""binary_or_unknown"": 70, ""json_like"": 1}"
ec,True,78,351426032,0.3273,0,30,5,1,"{""snapshot_file"": 78}","{""binary_or_unknown"": 78}"
ed,True,72,321174000,0.2991,0,24,4,1,"{""snapshot_file"": 72}","{""binary_or_unknown"": 71, ""json_like"": 1}"
ee,True,81,361645840,0.3368,0,33,3,1,"{""snapshot_file"": 81}","{""binary_or_unknown"": 81}"
ef,True,77,24757472,0.0231,0,38,4,0,"{""snapshot_file"": 77}","{""binary_or_unknown"": 77}"
f0,True,80,588062400,0.5477,0,33,8,2,"{""snapshot_file"": 80}","{""binary_or_unknown"": 80}"
f1,True,71,23203024,0.0216,0,24,4,0,"{""snapshot_file"": 71}","{""binary_or_unknown"": 71}"
f2,True,70,333985536,0.311,0,30,4,1,"{""snapshot_file"": 70}","{""binary_or_unknown"": 69, ""json_like"": 1}"
f3,True,89,159979024,0.149,0,31,1,1,"{""snapshot_file"": 89}","{""binary_or_unknown"": 87, ""json_like"": 2}"
f4,True,82,11000256,0.0102,0,35,2,0,"{""snapshot_file"": 82}","{""binary_or_unknown"": 81, ""json_like"": 1}"
f5,True,77,648822784,0.6043,0,33,5,2,"{""snapshot_file"": 77}","{""binary_or_unknown"": 75, ""json_like"": 2}"
f6,True,67,9582112,0.0089,0,27,3,0,"{""snapshot_file"": 67}","{""binary_or_unknown"": 66, ""json_like"": 1}"
f7,True,70,320475456,0.2985,0,30,3,1,"{""snapshot_file"": 70}","{""binary_or_unknown"": 69, ""json_like"": 1}"
f8,True,92,471851056,0.4394,0,36,4,2,"{""snapshot_file"": 92}","{""binary_or_unknown"": 92}"
f9,True,65,12662672,0.0118,0,26,2,0,"{""snapshot_file"": 65}","{""binary_or_unknown"": 63, ""json_like"": 2}"
fa,True,72,9225344,0.0086,0,31,2,0,"{""snapshot_file"": 72}","{""binary_or_unknown"": 72}"
fb,True,88,30088992,0.028,0,32,2,0,"{""snapshot_file"": 88}","{""binary_or_unknown"": 87, ""json_like"": 1}"
fc,True,67,34551056,0.0322,0,29,6,0,"{""snapshot_file"": 67}","{""binary_or_unknown"": 67}"
fd,True,68,6358720,0.0059,0,27,2,0,"{""snapshot_file"": 68}","{""binary_or_unknown"": 68}"
fe,True,59,6566976,0.0061,0,23,2,0,"{""snapshot_file"": 59}","{""binary_or_unknown"": 59}"
ff,True,85,317029280,0.2953,0,37,2,1,"{""snapshot_file"": 85}","{""binary_or_unknown"": 85}"
