sha256,count,source_groups,categories,titles,paths_redacted
e3b0c44298fc1c149afbf4c8996fb92427ae41e4649b934ca495991b7852b855,30,manifest_0318_error|manifest_0318_snapshot,other|sqlite_wal,.Books.plist.lock|.Managed.plist.lock|.Purchases.plist.lock|01_imazing_root.txt|02_backups_folder.txt|12_app_events_after.txt|13_system_events_after.txt|BookMetadataStore.sqlite-wal|CLSBusinessCategoryCache.AOI.sqlite-wal|CLSBusinessCategoryCache.Nature.sqlite-wal|CLSBusinessCategoryCache.POI.sqlite-wal|CLSBusinessCategoryCache.ROI.sqlite-wal|CLSLocationCache.sqlite-wal|CLSPublicEventCache.sqlite-wal|CSUTaxonomy.sqlite-wal|CreateDatabase_20250703-004352-07 00|PGCurationCache.sqlite.sqlite-wal|VUIndex.sqlite-wal|backupcreatedmarker|construction-photosgraph.kgdb-wal|construction-photosgraph.kgdb.lock|ftemetrics|iTunesControl|libraryavailable|musiccache.sqlite-wal|photosgraph-tmp.kgdb-wal|photosgraph.kgdb.lock|protection|suspendnebulad,[MANIFEST]\My_Device\15G\[15G_UDID]\2026-03-18\2026-03-18-093500  Error\iMazing_Evidence\2026-03-18_172935\12_app_events_after.txt || [MANIFEST]\My_Device\15G\[15G_UDID]\2026-03-18\2026-03-18-093500  Error\iMazing_Evidence\2026-03-18_172935\13_system_events_after.txt || [MANIFEST]\My_Device\15G\[15G_UDID]\2026-03-18\2026-03-18-155727  (Snashpt肥大化世代)\iMazing\Media\Books\.Books.plist.lock || [MANIFEST]\My_Device\15G\[15G_UDID]\2026-03-18\2026-03-18-155727  (Snashpt肥大化世代)\iMazing\Media\Books\Managed\.Managed.plist.lock || [MANIFEST]\My_Device\15G\[15G_UDID]\2026-03-18\2026-03-18-155727  (Snashpt肥大化世代)\iMazing\Media\Books\MetadataStore\BookMetadataStore.sqlite-wal || [MANIFEST]\My_Device\15G\[15G_UDID]\2026-03-18\2026-03-18-155727  (Snashpt肥大化世代)\iMazing\Media\Books\Purchases\.Purchases.plist.lock || [MANIFEST]\My_Device\15G\[15G_UDID]\2026-03-18\2026-03-18-155727  (Snashpt肥大化世代)\iMazing\Media\iTunes_Control\iTunes\iTunesControl || [MANIFEST]\My_Device\15G\[15G_UDID]\2026-03-18\2026-03-18-155727  (Snashpt肥大化世代)\iMazing\Media\PhotoData\protection || [MANIFEST]\My_Device\15G\[15G_UDID]\2026-03-18\2026-03-18-155727  (Snashpt肥大化世代)\iMazing\Media\PhotoData\suspendnebulad || [MANIFEST]\My_Device\15G\[15G_UDID]\2026-03-18\2026-03-18-155727  (Snashpt肥大化世代)\iMazing\Media\PhotoData\Caches\CreateDatabase_20250703-004352-07 00 || [MANIFEST]\My_Device\15G\[15G_UDID]\2026-03-18\2026-03-18-155727  (Snashpt肥大化世代)\iMazing\Media\PhotoData\Caches\libraryavailable || [MANIFEST]\My_Device\15G\[15G_UDID]\2026-03-18\2026-03-18-155727  (Snashpt肥大化世代)\iMazing\Media\PhotoData\Caches\ComputeCache\prepare\backupcreatedmarker || [MANIFEST]\My_Device\15G\[15G_UDID]\2026-03-18\2026-03-18-155727  (Snashpt肥大化世代)\iMazing\Media\PhotoData\Caches\GraphService\CLSBusinessCategoryCache.AOI.sqlite-wal || [MANIFEST]\My_Device\15G\[15G_UDID]\2026-03-18\2026-03-18-155727  (Snashpt肥大化世代)\iMazing\Media\PhotoData\Caches\GraphService\CLSBusinessCategoryCache.Nature.sqlite-wal || [MANIFEST]\My_Device\15G\[15G_UDID]\2026-03-18\2026-03-18-155727  (Snashpt肥大化世代)\iMazing\Media\PhotoData\Caches\GraphService\CLSBusinessCategoryCache.POI.sqlite-wal || [MANIFEST]\My_Device\15G\[15G_UDID]\2026-03-18\2026-03-18-155727  (Snashpt肥大化世代)\iMazing\Media\PhotoData\Caches\GraphService\CLSBusinessCategoryCache.ROI.sqlite-wal || [MANIFEST]\My_Device\15G\[15G_UDID]\2026-03-18\2026-03-18-155727  (Snashpt肥大化世代)\iMazing\Media\PhotoData\Caches\GraphService\CLSLocationCache.sqlite-wal || [MANIFEST]\My_Device\15G\[15G_UDID]\2026-03-18\2026-03-18-155727  (Snashpt肥大化世代)\iMazing\Media\PhotoData\Caches\GraphService\CLSPublicEventCache.sqlite-wal || [MANIFEST]\My_Device\15G\[15G_UDID]\2026-03-18\2026-03-18-155727  (Snashpt肥大化世代)\iMazing\Media\PhotoData\Caches\GraphService\ftemetrics || [MANIFEST]\My_Device\15G\[15G_UDID]\2026-03-18\2026-03-18-155727  (Snashpt肥大化世代)\iMazing\Media\PhotoData\Caches\GraphService\musiccache.sqlite-wal
f1945cd6c19e56b3c1c78943ef5ec18116907a4ca1efc40a57d48ab1db7adfc5,29,manifest_0318_error|manifest_0318_snapshot,other,03_files_iMazing.csv|03_imazing_children.csv|04_backups_children.csv|05_Library_before_top200.csv|05_app_events.csv|05_iMazing_before_top200.csv|06_system_events.csv|07_Library_recent.csv|07_Library_recent_top300.csv|07_iMazing_recent.csv|07_iMazing_recent_top300.csv|07_system_events_focus.csv|09_app_events.csv|09_recent_Library.csv|09_recent_iMazing.csv|10_system_events.csv|12_Library_changed_since_start.csv|12_iMazing_changed_since_start.csv,[MANIFEST]\My_Device\15G\[15G_UDID]\2026-03-18\2026-03-18-093500  Error\iMazing_Attempt5m\2026-03-18_175443\05_iMazing_before_top200.csv || [MANIFEST]\My_Device\15G\[15G_UDID]\2026-03-18\2026-03-18-093500  Error\iMazing_Attempt5m\2026-03-18_175443\05_Library_before_top200.csv || [MANIFEST]\My_Device\15G\[15G_UDID]\2026-03-18\2026-03-18-093500  Error\iMazing_Attempt5m\2026-03-18_175443\09_app_events.csv || [MANIFEST]\My_Device\15G\[15G_UDID]\2026-03-18\2026-03-18-093500  Error\iMazing_Attempt5m\2026-03-18_175443\10_system_events.csv || [MANIFEST]\My_Device\15G\[15G_UDID]\2026-03-18\2026-03-18-093500  Error\iMazing_Attempt5m\2026-03-18_175443\12_iMazing_changed_since_start.csv || [MANIFEST]\My_Device\15G\[15G_UDID]\2026-03-18\2026-03-18-093500  Error\iMazing_Attempt5m\2026-03-18_175443\12_Library_changed_since_start.csv || [MANIFEST]\My_Device\15G\[15G_UDID]\2026-03-18\2026-03-18-093500  Error\iMazing_FailNow\2026-03-18_180703\05_app_events.csv || [MANIFEST]\My_Device\15G\[15G_UDID]\2026-03-18\2026-03-18-093500  Error\iMazing_FailNow\2026-03-18_180703\06_system_events.csv || [MANIFEST]\My_Device\15G\[15G_UDID]\2026-03-18\2026-03-18-093500  Error\iMazing_FailNow\2026-03-18_180703\07_iMazing_recent.csv || [MANIFEST]\My_Device\15G\[15G_UDID]\2026-03-18\2026-03-18-093500  Error\iMazing_FailNow\2026-03-18_180703\07_Library_recent.csv || [MANIFEST]\My_Device\15G\[15G_UDID]\2026-03-18\2026-03-18-093500  Error\iMazing_Focus\2026-03-18_174906\07_system_events_focus.csv || [MANIFEST]\My_Device\15G\[15G_UDID]\2026-03-18\2026-03-18-093500  Error\iMazing_Focus\2026-03-18_174906\09_recent_iMazing.csv || [MANIFEST]\My_Device\15G\[15G_UDID]\2026-03-18\2026-03-18-093500  Error\iMazing_Focus\2026-03-18_174906\09_recent_Library.csv || [MANIFEST]\My_Device\15G\[15G_UDID]\2026-03-18\2026-03-18-093500  Error\iMazing_History\2026-03-18_174602\03_files_iMazing.csv || [MANIFEST]\My_Device\15G\[15G_UDID]\2026-03-18\2026-03-18-093500  Error\iMazing_Stall\2026-03-18_180003\05_app_events.csv || [MANIFEST]\My_Device\15G\[15G_UDID]\2026-03-18\2026-03-18-093500  Error\iMazing_Stall\2026-03-18_180003\06_system_events.csv || [MANIFEST]\My_Device\15G\[15G_UDID]\2026-03-18\2026-03-18-093500  Error\iMazing_Stall\2026-03-18_180003\07_iMazing_recent.csv || [MANIFEST]\My_Device\15G\[15G_UDID]\2026-03-18\2026-03-18-093500  Error\iMazing_Stall\2026-03-18_180003\07_Library_recent.csv || [MANIFEST]\My_Device\15G\[15G_UDID]\2026-03-18\2026-03-18-093500  Error\iMazing_Stall_Fix\2026-03-18_180107\05_app_events.csv || [MANIFEST]\My_Device\15G\[15G_UDID]\2026-03-18\2026-03-18-093500  Error\iMazing_Stall_Fix\2026-03-18_180107\06_system_events.csv
fd4c9fda9cd3f9ae7c962b0ddf37232294d55580e1aa165aa06129b8549389eb,11,manifest_0318_snapshot,sqlite_shm,BookMetadataStore.sqlite-shm|CLSBusinessCategoryCache.AOI.sqlite-shm|CLSBusinessCategoryCache.Nature.sqlite-shm|CLSBusinessCategoryCache.POI.sqlite-shm|CLSBusinessCategoryCache.ROI.sqlite-shm|CLSLocationCache.sqlite-shm|CLSPublicEventCache.sqlite-shm|CSUTaxonomy.sqlite-shm|VUIndex.sqlite-shm|construction-photosgraph.kgdb-shm|photosgraph-tmp.kgdb-shm,[MANIFEST]\My_Device\15G\[15G_UDID]\2026-03-18\2026-03-18-155727  (Snashpt肥大化世代)\iMazing\Media\Books\MetadataStore\BookMetadataStore.sqlite-shm || [MANIFEST]\My_Device\15G\[15G_UDID]\2026-03-18\2026-03-18-155727  (Snashpt肥大化世代)\iMazing\Media\PhotoData\Caches\GraphService\CLSBusinessCategoryCache.AOI.sqlite-shm || [MANIFEST]\My_Device\15G\[15G_UDID]\2026-03-18\2026-03-18-155727  (Snashpt肥大化世代)\iMazing\Media\PhotoData\Caches\GraphService\CLSBusinessCategoryCache.Nature.sqlite-shm || [MANIFEST]\My_Device\15G\[15G_UDID]\2026-03-18\2026-03-18-155727  (Snashpt肥大化世代)\iMazing\Media\PhotoData\Caches\GraphService\CLSBusinessCategoryCache.POI.sqlite-shm || [MANIFEST]\My_Device\15G\[15G_UDID]\2026-03-18\2026-03-18-155727  (Snashpt肥大化世代)\iMazing\Media\PhotoData\Caches\GraphService\CLSBusinessCategoryCache.ROI.sqlite-shm || [MANIFEST]\My_Device\15G\[15G_UDID]\2026-03-18\2026-03-18-155727  (Snashpt肥大化世代)\iMazing\Media\PhotoData\Caches\GraphService\CLSLocationCache.sqlite-shm || [MANIFEST]\My_Device\15G\[15G_UDID]\2026-03-18\2026-03-18-155727  (Snashpt肥大化世代)\iMazing\Media\PhotoData\Caches\GraphService\CLSPublicEventCache.sqlite-shm || [MANIFEST]\My_Device\15G\[15G_UDID]\2026-03-18\2026-03-18-155727  (Snashpt肥大化世代)\iMazing\Media\PhotoData\Caches\GraphService\PhotosGraph\construction-photosgraph.kgdb-shm || [MANIFEST]\My_Device\15G\[15G_UDID]\2026-03-18\2026-03-18-155727  (Snashpt肥大化世代)\iMazing\Media\PhotoData\Caches\GraphService\PhotosGraph\photosgraph-tmp.kgdb-shm || [MANIFEST]\My_Device\15G\[15G_UDID]\2026-03-18\2026-03-18-155727  (Snashpt肥大化世代)\iMazing\Media\PhotoData\Caches\VisionService\VUIndex.sqlite-shm || [MANIFEST]\My_Device\15G\[15G_UDID]\2026-03-18\2026-03-18-155727  (Snashpt肥大化世代)\iMazing\Media\PhotoData\internal\csutaxonomy\CSUTaxonomy.sqlite-shm
af170131e7c1d2f2339f2ef52e85db472def8e47b76cabf4f47b71e28d5c0981,8,manifest_0318_error|manifest_0318_snapshot,other,04_pnp.csv|04_pnp_before.csv|04_pnp_focus.csv|09_pnp_now.csv,[MANIFEST]\My_Device\15G\[15G_UDID]\2026-03-18\2026-03-18-093500  Error\iMazing_Attempt5m\2026-03-18_175443\04_pnp_before.csv || [MANIFEST]\My_Device\15G\[15G_UDID]\2026-03-18\2026-03-18-093500  Error\iMazing_FailNow\2026-03-18_180703\04_pnp.csv || [MANIFEST]\My_Device\15G\[15G_UDID]\2026-03-18\2026-03-18-093500  Error\iMazing_Focus\2026-03-18_174906\04_pnp_focus.csv || [MANIFEST]\My_Device\15G\[15G_UDID]\2026-03-18\2026-03-18-093500  Error\iMazing_History\2026-03-18_174602\09_pnp_now.csv || [MANIFEST]\My_Device\15G\[15G_UDID]\2026-03-18\2026-03-18-093500  Error\iMazing_Stall\2026-03-18_180003\04_pnp.csv || [MANIFEST]\My_Device\15G\[15G_UDID]\2026-03-18\2026-03-18-093500  Error\iMazing_Stall_Fix\2026-03-18_180107\04_pnp.csv || [MANIFEST]\My_Device\15G\[15G_UDID]\2026-03-18\2026-03-18-155727  (Snashpt肥大化世代)\iMazing_FailAfterRun\2026-03-18_232828\04_pnp.csv || [MANIFEST]\My_Device\15G\[15G_UDID]\2026-03-18\2026-03-18-155727  (Snashpt肥大化世代)\iMazing_Success\2026-03-18_230026\04_pnp.csv
fbeeed1e86fb325847f55442a868b97c47a2b355205cef654e27f1d4dd0c22b1,6,manifest_0318_error,other,03_service_detail.csv|03_services.csv|03_services_before.csv|apple_services_detail.csv,[MANIFEST]\My_Device\15G\[15G_UDID]\2026-03-18\2026-03-18-093500  Error\iMazing_Attempt5m\2026-03-18_175443\03_services_before.csv || [MANIFEST]\My_Device\15G\[15G_UDID]\2026-03-18\2026-03-18-093500  Error\iMazing_Extra\2026-03-18_180828\apple_services_detail.csv || [MANIFEST]\My_Device\15G\[15G_UDID]\2026-03-18\2026-03-18-093500  Error\iMazing_FailNow\2026-03-18_180703\03_services.csv || [MANIFEST]\My_Device\15G\[15G_UDID]\2026-03-18\2026-03-18-093500  Error\iMazing_Focus\2026-03-18_174906\03_service_detail.csv || [MANIFEST]\My_Device\15G\[15G_UDID]\2026-03-18\2026-03-18-093500  Error\iMazing_Stall\2026-03-18_180003\03_services.csv || [MANIFEST]\My_Device\15G\[15G_UDID]\2026-03-18\2026-03-18-093500  Error\iMazing_Stall_Fix\2026-03-18_180107\03_services.csv
44965824d43b53d3a2fa95236cbff7fba5a620855f7c6721f095e6827b307a75,4,manifest_0318_error,other,07_Backups_recent.csv|12_Backups_changed_since_start.csv,[MANIFEST]\My_Device\15G\[15G_UDID]\2026-03-18\2026-03-18-093500  Error\iMazing_Attempt5m\2026-03-18_175443\12_Backups_changed_since_start.csv || [MANIFEST]\My_Device\15G\[15G_UDID]\2026-03-18\2026-03-18-093500  Error\iMazing_FailNow\2026-03-18_180703\07_Backups_recent.csv || [MANIFEST]\My_Device\15G\[15G_UDID]\2026-03-18\2026-03-18-093500  Error\iMazing_Stall\2026-03-18_180003\07_Backups_recent.csv || [MANIFEST]\My_Device\15G\[15G_UDID]\2026-03-18\2026-03-18-093500  Error\iMazing_Stall_Fix\2026-03-18_180107\07_Backups_recent.csv
b099be06beb7b5a0fd8908576d9d86a436a4aea128e52d47d0c21c7f691093ce,4,manifest_0318_snapshot,other,Adjustments.plist,[MANIFEST]\My_Device\15G\[15G_UDID]\2026-03-18\2026-03-18-155727  (Snashpt肥大化世代)\iMazing\Media\PhotoData\Mutations\PhotoData\CPLAssets\group202\BFEA31E4-9AD2-4439-B2DB-FE50A60D05DA\Adjustments\Adjustments.plist || [MANIFEST]\My_Device\15G\[15G_UDID]\2026-03-18\2026-03-18-155727  (Snashpt肥大化世代)\iMazing\Media\PhotoData\Mutations\PhotoData\CPLAssets\group271\AF144960-2B08-466D-AF18-782507BB6D3F\Adjustments\Adjustments.plist || [MANIFEST]\My_Device\15G\[15G_UDID]\2026-03-18\2026-03-18-155727  (Snashpt肥大化世代)\iMazing\Media\PhotoData\Mutations\PhotoData\CPLAssets\group272\4E721958-7490-4915-B3A9-029BEA5042B9\Adjustments\Adjustments.plist || [MANIFEST]\My_Device\15G\[15G_UDID]\2026-03-18\2026-03-18-155727  (Snashpt肥大化世代)\iMazing\Media\PhotoData\Mutations\PhotoData\CPLAssets\group5\6D11F9B8-FCDD-45AB-9CDE-57871D762F72\Adjustments\Adjustments.plist
c4562dee6170968e37fa78962635fd873ed8faed52bf93a7fa013c52276fa56d,4,manifest_0318_error|manifest_0318_snapshot,other,03_services_before.txt|09_services_after_5s.txt,[MANIFEST]\My_Device\15G\[15G_UDID]\2026-03-18\2026-03-18-093500  Error\iMazing_Evidence\2026-03-18_172935\03_services_before.txt || [MANIFEST]\My_Device\15G\[15G_UDID]\2026-03-18\2026-03-18-093500  Error\iMazing_Evidence\2026-03-18_172935\09_services_after_5s.txt || [MANIFEST]\My_Device\15G\[15G_UDID]\2026-03-18\2026-03-18-155727  (Snashpt肥大化世代)\iMazing_Evidence\2026-03-18_225519\03_services_before.txt || [MANIFEST]\My_Device\15G\[15G_UDID]\2026-03-18\2026-03-18-155727  (Snashpt肥大化世代)\iMazing_Evidence\2026-03-18_225519\09_services_after_5s.txt
d417bcf92ad4d03266690eebcea68d28fb298c8198a194612bd6c1bdddb471fa,4,manifest_0318_error|manifest_0318_snapshot,other,04_pnp_before.txt|10_pnp_after_5s.txt,[MANIFEST]\My_Device\15G\[15G_UDID]\2026-03-18\2026-03-18-093500  Error\iMazing_Evidence\2026-03-18_172935\04_pnp_before.txt || [MANIFEST]\My_Device\15G\[15G_UDID]\2026-03-18\2026-03-18-093500  Error\iMazing_Evidence\2026-03-18_172935\10_pnp_after_5s.txt || [MANIFEST]\My_Device\15G\[15G_UDID]\2026-03-18\2026-03-18-155727  (Snashpt肥大化世代)\iMazing_Evidence\2026-03-18_225519\04_pnp_before.txt || [MANIFEST]\My_Device\15G\[15G_UDID]\2026-03-18\2026-03-18-155727  (Snashpt肥大化世代)\iMazing_Evidence\2026-03-18_225519\10_pnp_after_5s.txt
0fd4844eeb2afca4ae4ea4e3fad19fde0c63ca1440b83b20b1b6e48cd3ba2a8e,3,log_0318,other,RTCReporting_messageLog_2026-03-17-10-22-23 2(1).txt|RTCReporting_messageLog_2026-03-17-10-22-23 2.txt|RTCReporting_messageLog_2026-03-17-10-22-23(1).txt,[DEVICE_LOGS]\My_Device\15G\2026\03\18\RTCReporting_messageLog_2026-03-17-10-22-23 2(1).txt || [DEVICE_LOGS]\My_Device\15G\2026\03\18\RTCReporting_messageLog_2026-03-17-10-22-23 2.txt || [DEVICE_LOGS]\My_Device\15G\2026\03\18\RTCReporting_messageLog_2026-03-17-10-22-23(1).txt
3a9e5ac134acacf49102c6240e0f642966cde5229bae7ae8ba97a6e5d5f131d5,3,manifest_0318_error,setupapi,08_setupapi_full.log|13_setupapi_dev.log|setupapi.dev.log,[MANIFEST]\My_Device\15G\[15G_UDID]\2026-03-18\2026-03-18-093500  Error\iMazing_Extra\2026-03-18_180814\setupapi.dev.log || [MANIFEST]\My_Device\15G\[15G_UDID]\2026-03-18\2026-03-18-093500  Error\iMazing_Focus\2026-03-18_174906\08_setupapi_full.log || [MANIFEST]\My_Device\15G\[15G_UDID]\2026-03-18\2026-03-18-093500  Error\iMazing_History\2026-03-18_174602\13_setupapi_dev.log
08dd1a9f11d4e815eba9eaf00dc89515cec0c911560d1d161fcf85efacb56267,2,manifest_0318_snapshot,other,A57F6216-7281-4C7E-9D31-7E659AB92B89.THM|F4D1942A-237B-4F92-804F-05B7B7C828DE.THM,[MANIFEST]\My_Device\15G\[15G_UDID]\2026-03-18\2026-03-18-155727  (Snashpt肥大化世代)\iMazing\Media\PhotoData\Metadata\PhotoData\CPLAssets\group261\F4D1942A-237B-4F92-804F-05B7B7C828DE.THM || [MANIFEST]\My_Device\15G\[15G_UDID]\2026-03-18\2026-03-18-155727  (Snashpt肥大化世代)\iMazing\Media\PhotoData\Metadata\PhotoData\CPLAssets\group445\A57F6216-7281-4C7E-9D31-7E659AB92B89.THM
2d5f128dcefd5b5a8a643630a96c10eeab42610c2699d7b1b397e4753f02616f,2,manifest_0318_snapshot,other,08_manifest_related.csv,[MANIFEST]\My_Device\15G\[15G_UDID]\2026-03-18\2026-03-18-155727  (Snashpt肥大化世代)\iMazing_FailAfterRun\2026-03-18_232828\08_manifest_related.csv || [MANIFEST]\My_Device\15G\[15G_UDID]\2026-03-18\2026-03-18-155727  (Snashpt肥大化世代)\iMazing_Success\2026-03-18_230026\08_manifest_related.csv
415943cf1d532814573c8f7cd06a4a5aba6f846c174d90163d15781e379e37ed,2,manifest_0318_error,setupapi,08_setupapi_apple_extract.txt|setupapi_extract.txt,[MANIFEST]\My_Device\15G\[15G_UDID]\2026-03-18\2026-03-18-093500  Error\iMazing_Extra\2026-03-18_180819\setupapi_extract.txt || [MANIFEST]\My_Device\15G\[15G_UDID]\2026-03-18\2026-03-18-093500  Error\iMazing_Focus\2026-03-18_174906\08_setupapi_apple_extract.txt
4171449c52468ed494ca12deca525cace73c06ed2ce0004ad60ab9fb598a3413,2,manifest_0318_error|manifest_0318_snapshot,other,01_imazing_path.txt,[MANIFEST]\My_Device\15G\[15G_UDID]\2026-03-18\2026-03-18-093500  Error\iMazing_Evidence\2026-03-18_172935\01_imazing_path.txt || [MANIFEST]\My_Device\15G\[15G_UDID]\2026-03-18\2026-03-18-155727  (Snashpt肥大化世代)\iMazing_Evidence\2026-03-18_225519\01_imazing_path.txt
4a912d0668c04845286ba18c8bcbed8e160acc564aae876741d82b456df1c4b9,2,manifest_0318_snapshot,other,6C9B0DFE-8DF8-47D3-9A92-00D9C7991B27.THM|9BE7F5FE-7DF6-43E8-922E-412BBF69204F.THM,[MANIFEST]\My_Device\15G\[15G_UDID]\2026-03-18\2026-03-18-155727  (Snashpt肥大化世代)\iMazing\Media\PhotoData\Metadata\PhotoData\CPLAssets\group301\6C9B0DFE-8DF8-47D3-9A92-00D9C7991B27.THM || [MANIFEST]\My_Device\15G\[15G_UDID]\2026-03-18\2026-03-18-155727  (Snashpt肥大化世代)\iMazing\Media\PhotoData\Metadata\PhotoData\CPLAssets\group318\9BE7F5FE-7DF6-43E8-922E-412BBF69204F.THM
545bcf787abc9f6fc85737ddab3c4e0f0958bd0399616ca55d273a0f1b25d793,2,manifest_0318_error,other,05_Backups_before_top200.csv|09_recent_Backups.csv,[MANIFEST]\My_Device\15G\[15G_UDID]\2026-03-18\2026-03-18-093500  Error\iMazing_Attempt5m\2026-03-18_175443\05_Backups_before_top200.csv || [MANIFEST]\My_Device\15G\[15G_UDID]\2026-03-18\2026-03-18-093500  Error\iMazing_Focus\2026-03-18_174906\09_recent_Backups.csv
5a5d4156e221c635d7733faa7c13a529289ccba255b086ea390026ba6d1dbf4d,2,log_0318,other,RTCReporting_messageLog_2026-03-17-10-22-23(2).txt|RTCReporting_messageLog_2026-03-17-10-22-23.txt,[DEVICE_LOGS]\My_Device\15G\2026\03\18\RTCReporting_messageLog_2026-03-17-10-22-23(2).txt || [DEVICE_LOGS]\My_Device\15G\2026\03\18\RTCReporting_messageLog_2026-03-17-10-22-23.txt
5dff00cd4e20b059de6e3e144bed99016857bd7c117b4b5ba13ac973e81c7011,2,manifest_0318_snapshot,other,03_services.csv,[MANIFEST]\My_Device\15G\[15G_UDID]\2026-03-18\2026-03-18-155727  (Snashpt肥大化世代)\iMazing_FailAfterRun\2026-03-18_232828\03_services.csv || [MANIFEST]\My_Device\15G\[15G_UDID]\2026-03-18\2026-03-18-155727  (Snashpt肥大化世代)\iMazing_Success\2026-03-18_230026\03_services.csv
74d50a488dec9c870ac2bf04da0d0a2f52bd69d96318ee44061291b527435410,2,log_0318,other,RTCReporting_messageLog_2026-03-17-10-22-23 2(2).txt|RTCReporting_messageLog_2026-03-17-10-22-23 3.txt,[DEVICE_LOGS]\My_Device\15G\2026\03\18\RTCReporting_messageLog_2026-03-17-10-22-23 2(2).txt || [DEVICE_LOGS]\My_Device\15G\2026\03\18\RTCReporting_messageLog_2026-03-17-10-22-23 3.txt
7808c5d806a9b97f78f9de8d0b6860b14ea6de480ae73c6cc74ee776007dc5d0,2,manifest_0318_snapshot,other,19F479ED-1009-4B3D-AFD5-34E51B8F9456.THM|FFA5100E-B2F6-40FE-8A5B-A870F991D006.THM,[MANIFEST]\My_Device\15G\[15G_UDID]\2026-03-18\2026-03-18-155727  (Snashpt肥大化世代)\iMazing\Media\PhotoData\Metadata\PhotoData\CPLAssets\group114\FFA5100E-B2F6-40FE-8A5B-A870F991D006.THM || [MANIFEST]\My_Device\15G\[15G_UDID]\2026-03-18\2026-03-18-155727  (Snashpt肥大化世代)\iMazing\Media\PhotoData\Metadata\PhotoData\CPLAssets\group218\19F479ED-1009-4B3D-AFD5-34E51B8F9456.THM
933bfed111b18958995fc696b3d9ded9ce6604ed5fb2313c9e3f9b53ae3ae916,2,manifest_0318_snapshot,other,construction-photosgraph.kgdb|photosgraph-tmp.kgdb,[MANIFEST]\My_Device\15G\[15G_UDID]\2026-03-18\2026-03-18-155727  (Snashpt肥大化世代)\iMazing\Media\PhotoData\Caches\GraphService\PhotosGraph\construction-photosgraph.kgdb || [MANIFEST]\My_Device\15G\[15G_UDID]\2026-03-18\2026-03-18-155727  (Snashpt肥大化世代)\iMazing\Media\PhotoData\Caches\GraphService\PhotosGraph\photosgraph-tmp.kgdb
97704a8960b4facceef54397a08fb5d0a456247c3627359215aa2a27df22656c,2,manifest_0318_snapshot,other,VoiceMemos.plist|iTunesSyncDeletes.plist,[MANIFEST]\My_Device\15G\[15G_UDID]\2026-03-18\2026-03-18-155727  (Snashpt肥大化世代)\iMazing\Media\iTunes_Control\iTunes\iTunesSyncDeletes.plist || [MANIFEST]\My_Device\15G\[15G_UDID]\2026-03-18\2026-03-18-155727  (Snashpt肥大化世代)\iMazing\Media\iTunes_Control\iTunes\VoiceMemos.plist
a3c546787ad8034ae050dcecd9217bf433854a757dff8f549ca7c9955bbfb994,2,manifest_0318_error|manifest_0318_snapshot,setupapi,09_setupapi_extract.txt|11_setupapi_extract.txt,[MANIFEST]\My_Device\15G\[15G_UDID]\2026-03-18\2026-03-18-093500  Error\iMazing_Attempt5m\2026-03-18_175443\11_setupapi_extract.txt || [MANIFEST]\My_Device\15G\[15G_UDID]\2026-03-18\2026-03-18-155727  (Snashpt肥大化世代)\iMazing_Success\2026-03-18_230026\09_setupapi_extract.txt
abf02e8c94f2d031c8c31b2a883691c77116b0e8bc4ccc5221dcb5d55989ba60,2,manifest_0318_snapshot,status_plist|status_plist_backup,Status.plist|Status.plist.backup,[MANIFEST]\My_Device\15G\[15G_UDID]\2026-03-18\2026-03-18-155727  (Snashpt肥大化世代)\iMazing\[15G_UDID]\Status.plist || [MANIFEST]\My_Device\15G\[15G_UDID]\2026-03-18\2026-03-18-155727  (Snashpt肥大化世代)\iMazing\[15G_UDID]\Status.plist.backup
b44b4653fff0eabbac89547bac5ed5d680df4b69967898988d7be90230d449b0,2,manifest_0318_snapshot,other,39B1AA8C-10B3-471C-8747-EC393813184D.THM|AFEF3EB1-F5F5-47AF-9627-7055FD3B060E.THM,[MANIFEST]\My_Device\15G\[15G_UDID]\2026-03-18\2026-03-18-155727  (Snashpt肥大化世代)\iMazing\Media\PhotoData\Metadata\PhotoData\CPLAssets\group132\AFEF3EB1-F5F5-47AF-9627-7055FD3B060E.THM || [MANIFEST]\My_Device\15G\[15G_UDID]\2026-03-18\2026-03-18-155727  (Snashpt肥大化世代)\iMazing\Media\PhotoData\Metadata\PhotoData\CPLAssets\group367\39B1AA8C-10B3-471C-8747-EC393813184D.THM
fa6b52a49c63f24bc33f40906a8d0f0f6430f5fd725f26363a2f88a519840263,2,manifest_0318_snapshot,other,713E5E33-75F1-4DB9-BD66-00700BE27F11.THM|A2226FBD-8F9D-4E79-BF0F-74C0EC66EAA1.THM,[MANIFEST]\My_Device\15G\[15G_UDID]\2026-03-18\2026-03-18-155727  (Snashpt肥大化世代)\iMazing\Media\PhotoData\Metadata\PhotoData\CPLAssets\group283\713E5E33-75F1-4DB9-BD66-00700BE27F11.THM || [MANIFEST]\My_Device\15G\[15G_UDID]\2026-03-18\2026-03-18-155727  (Snashpt肥大化世代)\iMazing\Media\PhotoData\Metadata\PhotoData\CPLAssets\group445\A2226FBD-8F9D-4E79-BF0F-74C0EC66EAA1.THM
fa7f74d54ee991de88926fabc0dd9fbcbbe8d41f48708c5e04cf2c061015b182,2,manifest_0318_snapshot,other,1FA28E20-C088-4076-9BFE-906124738FDB.THM|IMG_0877.THM,[MANIFEST]\My_Device\15G\[15G_UDID]\2026-03-18\2026-03-18-155727  (Snashpt肥大化世代)\iMazing\Media\PhotoData\Metadata\DCIM\100APPLE\IMG_0877.THM || [MANIFEST]\My_Device\15G\[15G_UDID]\2026-03-18\2026-03-18-155727  (Snashpt肥大化世代)\iMazing\Media\PhotoData\Metadata\PhotoData\CPLAssets\group495\1FA28E20-C088-4076-9BFE-906124738FDB.THM
